CNTR_CODE,NUTS_ID,NAME_LATN,NUTS_NAME,MOUNT_TYPE,URBN_TYPE,COAST_TYPE
CZ,CZ053,Pardubický kraj,Pardubický kraj,,,
CZ,CZ06,Jihovýchod,Jihovýchod,,,
CZ,CZ063,Kraj Vysočina,Kraj Vysočina,,,
CZ,CZ064,Jihomoravský kraj,Jihomoravský kraj,,,
CZ,CZ07,Střední Morava,Střední Morava,,,
CZ,CZ071,Olomoucký kraj,Olomoucký kraj,,,
CZ,CZ072,Zlínský kraj,Zlínský kraj,,,
CZ,CZ08,Moravskoslezsko,Moravskoslezsko,,,
CZ,CZ080,Moravskoslezský kraj,Moravskoslezský kraj,,,
DE,DE,Deutschland,Deutschland,,,
DE,DE1,Baden-Württemberg,Baden-Württemberg,,,
DE,DE11,Stuttgart,Stuttgart,,,
DE,DE111,"Stuttgart, Stadtkreis","Stuttgart, Stadtkreis",,,
DE,DE112,Böblingen,Böblingen,,,
DE,DE113,Esslingen,Esslingen,,,
DE,DE114,Göppingen,Göppingen,,,
DE,DE115,Ludwigsburg,Ludwigsburg,,,
DE,DE116,Rems-Murr-Kreis,Rems-Murr-Kreis,,,
DE,DE117,"Heilbronn, Stadtkreis","Heilbronn, Stadtkreis",,,
DE,DE118,"Heilbronn, Landkreis","Heilbronn, Landkreis",,,
DE,DE119,Hohenlohekreis,Hohenlohekreis,,,
DE,DE11A,Schwäbisch Hall,Schwäbisch Hall,,,
DE,DE11B,Main-Tauber-Kreis,Main-Tauber-Kreis,,,
DE,DE11C,Heidenheim,Heidenheim,,,
DE,DE11D,Ostalbkreis,Ostalbkreis,,,
DE,DE12,Karlsruhe,Karlsruhe,,,
DE,DE121,"Baden-Baden, Stadtkreis","Baden-Baden, Stadtkreis",,,
DE,DE122,"Karlsruhe, Stadtkreis","Karlsruhe, Stadtkreis",,,
DE,DE123,"Karlsruhe, Landkreis","Karlsruhe, Landkreis",,,
DE,DE124,Rastatt,Rastatt,,,
DE,DE125,"Heidelberg, Stadtkreis","Heidelberg, Stadtkreis",,,
DE,DE126,"Mannheim, Stadtkreis","Mannheim, Stadtkreis",,,
DE,DE127,Neckar-Odenwald-Kreis,Neckar-Odenwald-Kreis,,,
DE,DE128,Rhein-Neckar-Kreis,Rhein-Neckar-Kreis,,,
DE,DE129,"Pforzheim, Stadtkreis","Pforzheim, Stadtkreis",,,
DE,DE12A,Calw,Calw,,,
DE,DE12B,Enzkreis,Enzkreis,,,
DE,DE12C,Freudenstadt,Freudenstadt,,,
DE,DE13,Freiburg,Freiburg,,,
DE,DE131,"Freiburg im Breisgau, Stadtkreis","Freiburg im Breisgau, Stadtkreis",,,
DE,DE132,Breisgau-Hochschwarzwald,Breisgau-Hochschwarzwald,,,
DE,DE133,Emmendingen,Emmendingen,,,
DE,DE134,Ortenaukreis,Ortenaukreis,,,
DE,DE135,Rottweil,Rottweil,,,
DE,DE136,Schwarzwald-Baar-Kreis,Schwarzwald-Baar-Kreis,,,
DE,DE137,Tuttlingen,Tuttlingen,,,
DE,DE138,Konstanz,Konstanz,,,
DE,DE139,Lörrach,Lörrach,,,
DE,DE13A,Waldshut,Waldshut,,,
DE,DE14,Tübingen,Tübingen,,,
DE,DE141,Reutlingen,Reutlingen,,,
DE,DE142,"Tübingen, Landkreis","Tübingen, Landkreis",,,
DE,DE143,Zollernalbkreis,Zollernalbkreis,,,
DE,DE144,"Ulm, Stadtkreis","Ulm, Stadtkreis",,,
DE,DE145,Alb-Donau-Kreis,Alb-Donau-Kreis,,,
DE,DE146,Biberach,Biberach,,,
DE,DE147,Bodenseekreis,Bodenseekreis,,,
DE,DE148,Ravensburg,Ravensburg,,,
DE,DE149,Sigmaringen,Sigmaringen,,,
DE,DE2,Bayern,Bayern,,,
DE,DE21,Oberbayern,Oberbayern,,,
DE,DE211,"Ingolstadt, Kreisfreie Stadt","Ingolstadt, Kreisfreie Stadt",,,
DE,DE212,"München, Kreisfreie Stadt","München, Kreisfreie Stadt",,,
DE,DE213,"Rosenheim, Kreisfreie Stadt","Rosenheim, Kreisfreie Stadt",,,
DE,DE214,Altötting,Altötting,,,
DE,DE215,Berchtesgadener Land,Berchtesgadener Land,,,
DE,DE216,Bad Tölz-Wolfratshausen,Bad Tölz-Wolfratshausen,,,
DE,DE217,Dachau,Dachau,,,
DE,DE218,Ebersberg,Ebersberg,,,
DE,DE219,Eichstätt,Eichstätt,,,
DE,DE21A,Erding,Erding,,,
DE,DE21B,Freising,Freising,,,
DE,DE21C,Fürstenfeldbruck,Fürstenfeldbruck,,,
DE,DE21D,Garmisch-Partenkirchen,Garmisch-Partenkirchen,,,
DE,DE21E,Landsberg am Lech,Landsberg am Lech,,,
DE,DE21F,Miesbach,Miesbach,,,
DE,DE21G,Mühldorf a. Inn,Mühldorf a. Inn,,,
DE,DE21H,"München, Landkreis","München, Landkreis",,,
DE,DE21I,Neuburg-Schrobenhausen,Neuburg-Schrobenhausen,,,
DE,DE21J,Pfaffenhofen a. d. Ilm,Pfaffenhofen a. d. Ilm,,,
DE,DE21K,"Rosenheim, Landkreis","Rosenheim, Landkreis",,,
DE,DE21L,Starnberg,Starnberg,,,
DE,DE21M,Traunstein,Traunstein,,,
DE,DE21N,Weilheim-Schongau,Weilheim-Schongau,,,
DE,DE22,Niederbayern,Niederbayern,,,
DE,DE221,"Landshut, Kreisfreie Stadt","Landshut, Kreisfreie Stadt",,,
DE,DE222,"Passau, Kreisfreie Stadt","Passau, Kreisfreie Stadt",,,
DE,DE223,"Straubing, Kreisfreie Stadt","Straubing, Kreisfreie Stadt",,,
DE,DE224,Deggendorf,Deggendorf,,,
DE,DE225,Freyung-Grafenau,Freyung-Grafenau,,,
DE,DE226,Kelheim,Kelheim,,,
DE,DE227,"Landshut, Landkreis","Landshut, Landkreis",,,
DE,DE228,"Passau, Landkreis","Passau, Landkreis",,,
DE,DE229,Regen,Regen,,,
DE,DE22A,Rottal-Inn,Rottal-Inn,,,
DE,DE22B,Straubing-Bogen,Straubing-Bogen,,,
DE,DE22C,Dingolfing-Landau,Dingolfing-Landau,,,
DE,DE23,Oberpfalz,Oberpfalz,,,
DE,DE231,"Amberg, Kreisfreie Stadt","Amberg, Kreisfreie Stadt",,,
DE,DE232,"Regensburg, Kreisfreie Stadt","Regensburg, Kreisfreie Stadt",,,
DE,DE233,"Weiden i. d. Opf, Kreisfreie Stadt","Weiden i. d. Opf, Kreisfreie Stadt",,,
DE,DE234,Amberg-Sulzbach,Amberg-Sulzbach,,,
DE,DE235,Cham,Cham,,,
DE,DE236,Neumarkt i. d. OPf.,Neumarkt i. d. OPf.,,,
DE,DE237,Neustadt a. d. Waldnaab,Neustadt a. d. Waldnaab,,,
DE,DE238,"Regensburg, Landkreis","Regensburg, Landkreis",,,
DE,DE239,Schwandorf,Schwandorf,,,
DE,DE23A,Tirschenreuth,Tirschenreuth,,,
DE,DE24,Oberfranken,Oberfranken,,,
DE,DE241,"Bamberg, Kreisfreie Stadt","Bamberg, Kreisfreie Stadt",,,
DE,DE242,"Bayreuth, Kreisfreie Stadt","Bayreuth, Kreisfreie Stadt",,,
DE,DE243,"Coburg, Kreisfreie Stadt","Coburg, Kreisfreie Stadt",,,
DE,DE244,"Hof, Kreisfreie Stadt","Hof, Kreisfreie Stadt",,,
DE,DE245,"Bamberg, Landkreis","Bamberg, Landkreis",,,
DE,DE246,"Bayreuth, Landkreis","Bayreuth, Landkreis",,,
DE,DE247,"Coburg, Landkreis","Coburg, Landkreis",,,
DE,DE248,Forchheim,Forchheim,,,
DE,DE249,"Hof, Landkreis","Hof, Landkreis",,,
DE,DE24A,Kronach,Kronach,,,
DE,DE24B,Kulmbach,Kulmbach,,,
DE,DE24C,Lichtenfels,Lichtenfels,,,
DE,DE24D,Wunsiedel i. Fichtelgebirge,Wunsiedel i. Fichtelgebirge,,,
DE,DE25,Mittelfranken,Mittelfranken,,,
DE,DE251,"Ansbach, Kreisfreie Stadt","Ansbach, Kreisfreie Stadt",,,
DE,DE252,"Erlangen, Kreisfreie Stadt","Erlangen, Kreisfreie Stadt",,,
DE,DE253,"Fürth, Kreisfreie Stadt","Fürth, Kreisfreie Stadt",,,
DE,DE254,"Nürnberg, Kreisfreie Stadt","Nürnberg, Kreisfreie Stadt",,,
DE,DE255,"Schwabach, Kreisfreie Stadt","Schwabach, Kreisfreie Stadt",,,
DE,DE256,"Ansbach, Landkreis","Ansbach, Landkreis",,,
DE,DE257,Erlangen-Höchstadt,Erlangen-Höchstadt,,,
DE,DE258,"Fürth, Landkreis","Fürth, Landkreis",,,
DE,DE259,Nürnberger Land,Nürnberger Land,,,
DE,DE25A,Neustadt a. d. Aisch-Bad Windsheim,Neustadt a. d. Aisch-Bad Windsheim,,,
DE,DE25B,Roth,Roth,,,
DE,DE25C,Weißenburg-Gunzenhausen,Weißenburg-Gunzenhausen,,,
DE,DE26,Unterfranken,Unterfranken,,,
DE,DE261,"Aschaffenburg, Kreisfreie Stadt","Aschaffenburg, Kreisfreie Stadt",,,
DE,DE262,"Schweinfurt, Kreisfreie Stadt","Schweinfurt, Kreisfreie Stadt",,,
DE,DE263,"Würzburg, Kreisfreie Stadt","Würzburg, Kreisfreie Stadt",,,
DE,DE264,"Aschaffenburg, Landkreis","Aschaffenburg, Landkreis",,,
DE,DE265,Bad Kissingen,Bad Kissingen,,,
DE,DE266,Rhön-Grabfeld,Rhön-Grabfeld,,,
DE,DE267,Haßberge,Haßberge,,,
DE,DE268,Kitzingen,Kitzingen,,,
DE,DE269,Miltenberg,Miltenberg,,,
DE,DE26A,Main-Spessart,Main-Spessart,,,
DE,DE26B,"Schweinfurt, Landkreis","Schweinfurt, Landkreis",,,
DE,DE26C,"Würzburg, Landkreis","Würzburg, Landkreis",,,
DE,DE27,Schwaben,Schwaben,,,
DE,DE271,"Augsburg, Kreisfreie Stadt","Augsburg, Kreisfreie Stadt",,,
DE,DE272,"Kaufbeuren, Kreisfreie Stadt","Kaufbeuren, Kreisfreie Stadt",,,
DE,DE273,"Kempten (Allgäu), Kreisfreie Stadt","Kempten (Allgäu), Kreisfreie Stadt",,,
DE,DE274,"Memmingen, Kreisfreie Stadt","Memmingen, Kreisfreie Stadt",,,
DE,DE275,Aichach-Friedberg,Aichach-Friedberg,,,
DE,DE276,"Augsburg, Landkreis","Augsburg, Landkreis",,,
DE,DE277,Dillingen a.d. Donau,Dillingen a.d. Donau,,,
DE,DE278,Günzburg,Günzburg,,,
DE,DE279,Neu-Ulm,Neu-Ulm,,,
DE,DE27A,Lindau (Bodensee),Lindau (Bodensee),,,
DE,DE27B,Ostallgäu,Ostallgäu,,,
DE,DE27C,Unterallgäu,Unterallgäu,,,
DE,DE27D,Donau-Ries,Donau-Ries,,,
DE,DE27E,Oberallgäu,Oberallgäu,,,
DE,DE3,Berlin,Berlin,,,
DE,DE30,Berlin,Berlin,,,
DE,DE300,Berlin,Berlin,,,
DE,DE4,Brandenburg,Brandenburg,,,
DE,DE40,Brandenburg,Brandenburg,,,
DE,DE401,"Brandenburg an der Havel, Kreisfreie Stadt","Brandenburg an der Havel, Kreisfreie Stadt",,,
DE,DE402,"Cottbus, Kreisfreie Stadt","Cottbus, Kreisfreie Stadt",,,
DE,DE403,"Frankfurt (Oder), Kreisfreie Stadt","Frankfurt (Oder), Kreisfreie Stadt",,,
DE,DE404,"Potsdam, Kreisfreie Stadt","Potsdam, Kreisfreie Stadt",,,
DE,DE405,Barnim,Barnim,,,
DE,DE406,Dahme-Spreewald,Dahme-Spreewald,,,
DE,DE407,Elbe-Elster,Elbe-Elster,,,
DE,DE408,Havelland,Havelland,,,
DE,DE409,Märkisch-Oderland,Märkisch-Oderland,,,
DE,DE40A,Oberhavel,Oberhavel,,,
DE,DE40B,Oberspreewald-Lausitz,Oberspreewald-Lausitz,,,
DE,DE40C,Oder-Spree,Oder-Spree,,,
DE,DE40D,Ostprignitz-Ruppin,Ostprignitz-Ruppin,,,
DE,DE40E,Potsdam-Mittelmark,Potsdam-Mittelmark,,,
DE,DE40F,Prignitz,Prignitz,,,
DE,DE40G,Spree-Neiße,Spree-Neiße,,,
DE,DE40H,Teltow-Fläming,Teltow-Fläming,,,
DE,DE40I,Uckermark,Uckermark,,,
DE,DE5,Bremen,Bremen,,,
DE,DE50,Bremen,Bremen,,,
DE,DE501,"Bremen, Kreisfreie Stadt","Bremen, Kreisfreie Stadt",,,
DE,DE502,"Bremerhaven, Kreisfreie Stadt","Bremerhaven, Kreisfreie Stadt",,,
DE,DE6,Hamburg,Hamburg,,,
DE,DE60,Hamburg,Hamburg,,,
DE,DE600,Hamburg,Hamburg,,,
DE,DE7,Hessen,Hessen,,,
DE,DE71,Darmstadt,Darmstadt,,,
DE,DE711,"Darmstadt, Kreisfreie Stadt","Darmstadt, Kreisfreie Stadt",,,
DE,DE712,"Frankfurt am Main, Kreisfreie Stadt","Frankfurt am Main, Kreisfreie Stadt",,,
DE,DE713,"Offenbach am Main, Kreisfreie Stadt","Offenbach am Main, Kreisfreie Stadt",,,
DE,DE714,"Wiesbaden, Kreisfreie Stadt","Wiesbaden, Kreisfreie Stadt",,,
DE,DE715,Bergstraße,Bergstraße,,,
DE,DE716,Darmstadt-Dieburg,Darmstadt-Dieburg,,,
DE,DE717,Groß-Gerau,Groß-Gerau,,,
DE,DE718,Hochtaunuskreis,Hochtaunuskreis,,,
DE,DE719,Main-Kinzig-Kreis,Main-Kinzig-Kreis,,,
DE,DE71A,Main-Taunus-Kreis,Main-Taunus-Kreis,,,
DE,DE71B,Odenwaldkreis,Odenwaldkreis,,,
DE,DE71C,"Offenbach, Landkreis","Offenbach, Landkreis",,,
DE,DE71D,Rheingau-Taunus-Kreis,Rheingau-Taunus-Kreis,,,
DE,DE71E,Wetteraukreis,Wetteraukreis,,,
DE,DE72,Gießen,Gießen,,,
DE,DE721,"Gießen, Landkreis","Gießen, Landkreis",,,
DE,DE722,Lahn-Dill-Kreis,Lahn-Dill-Kreis,,,
DE,DE723,Limburg-Weilburg,Limburg-Weilburg,,,
DE,DE724,Marburg-Biedenkopf,Marburg-Biedenkopf,,,
DE,DE725,Vogelsbergkreis,Vogelsbergkreis,,,
DE,DE73,Kassel,Kassel,,,
DE,DE731,"Kassel, Kreisfreie Stadt","Kassel, Kreisfreie Stadt",,,
DE,DE732,Fulda,Fulda,,,
DE,DE733,Hersfeld-Rotenburg,Hersfeld-Rotenburg,,,
DE,DE734,"Kassel, Landkreis","Kassel, Landkreis",,,
DE,DE735,Schwalm-Eder-Kreis,Schwalm-Eder-Kreis,,,
DE,DE736,Waldeck-Frankenberg,Waldeck-Frankenberg,,,
DE,DE737,Werra-Meißner-Kreis,Werra-Meißner-Kreis,,,
DE,DE8,Mecklenburg-Vorpommern,Mecklenburg-Vorpommern,,,
DE,DE80,Mecklenburg-Vorpommern,Mecklenburg-Vorpommern,,,
DE,DE803,"Rostock, Kreisfreie Stadt","Rostock, Kreisfreie Stadt",,,
DE,DE804,"Schwerin, Kreisfreie Stadt","Schwerin, Kreisfreie Stadt",,,
DE,DE80J,Mecklenburgische Seenplatte,Mecklenburgische Seenplatte,,,
DE,DE80K,Landkreis Rostock,Landkreis Rostock,,,
DE,DE80L,Vorpommern-Rügen,Vorpommern-Rügen,,,
DE,DE80M,Nordwestmecklenburg,Nordwestmecklenburg,,,
DE,DE80N,Vorpommern-Greifswald,Vorpommern-Greifswald,,,
DE,DE80O,Ludwigslust-Parchim,Ludwigslust-Parchim,,,
DE,DE9,Niedersachsen,Niedersachsen,,,
DE,DE91,Braunschweig,Braunschweig,,,
DE,DE911,"Braunschweig, Kreisfreie Stadt","Braunschweig, Kreisfreie Stadt",,,
DE,DE912,"Salzgitter, Kreisfreie Stadt","Salzgitter, Kreisfreie Stadt",,,
DE,DE913,"Wolfsburg, Kreisfreie Stadt","Wolfsburg, Kreisfreie Stadt",,,
DE,DE914,Gifhorn,Gifhorn,,,
DE,DE916,Goslar,Goslar,,,
DE,DE917,Helmstedt,Helmstedt,,,
DE,DE918,Northeim,Northeim,,,
DE,DE91A,Peine,Peine,,,
DE,DE91B,Wolfenbüttel,Wolfenbüttel,,,
DE,DE91C,Göttingen,Göttingen,,,
DE,DE92,Hannover,Hannover,,,
DE,DE922,Diepholz,Diepholz,,,
DE,DE923,Hameln-Pyrmont,Hameln-Pyrmont,,,
DE,DE925,Hildesheim,Hildesheim,,,
DE,DE926,Holzminden,Holzminden,,,
DE,DE927,Nienburg (Weser),Nienburg (Weser),,,
DE,DE928,Schaumburg,Schaumburg,,,
DE,DE929,Region Hannover,Region Hannover,,,
DE,DE93,Lüneburg,Lüneburg,,,
DE,DE931,Celle,Celle,,,
DE,DE932,Cuxhaven,Cuxhaven,,,
DE,DE933,Harburg,Harburg,,,
DE,DE934,Lüchow-Dannenberg,Lüchow-Dannenberg,,,
DE,DE935,"Lüneburg, Landkreis","Lüneburg, Landkreis",,,
DE,DE936,Osterholz,Osterholz,,,
DE,DE937,Rotenburg (Wümme),Rotenburg (Wümme),,,
DE,DE938,Heidekreis,Heidekreis,,,
DE,DE939,Stade,Stade,,,
DE,DE93A,Uelzen,Uelzen,,,
DE,DE93B,Verden,Verden,,,
DE,DE94,Weser-Ems,Weser-Ems,,,
DE,DE941,"Delmenhorst, Kreisfreie Stadt","Delmenhorst, Kreisfreie Stadt",,,
DE,DE942,"Emden, Kreisfreie Stadt","Emden, Kreisfreie Stadt",,,
DE,DE943,"Oldenburg (Oldenburg), Kreisfreie Stadt","Oldenburg (Oldenburg), Kreisfreie Stadt",,,
DE,DE944,"Osnabrück, Kreisfreie Stadt","Osnabrück, Kreisfreie Stadt",,,
DE,DE945,"Wilhelmshaven, Kreisfreie Stadt","Wilhelmshaven, Kreisfreie Stadt",,,
DE,DE946,Ammerland,Ammerland,,,
DE,DE947,Aurich,Aurich,,,
DE,DE948,Cloppenburg,Cloppenburg,,,
DE,DE949,Emsland,Emsland,,,
DE,DE94A,Friesland (DE),Friesland (DE),,,
DE,DE94B,Grafschaft Bentheim,Grafschaft Bentheim,,,
DE,DE94C,Leer,Leer,,,
DE,DE94D,"Oldenburg, Landkreis","Oldenburg, Landkreis",,,
DE,DE94E,"Osnabrück, Landkreis","Osnabrück, Landkreis",,,
DE,DE94F,Vechta,Vechta,,,
DE,DE94G,Wesermarsch,Wesermarsch,,,
DE,DE94H,Wittmund,Wittmund,,,
DE,DEA,Nordrhein-Westfalen,Nordrhein-Westfalen,,,
DE,DEA1,Düsseldorf,Düsseldorf,,,
DE,DEA11,"Düsseldorf, Kreisfreie Stadt","Düsseldorf, Kreisfreie Stadt",,,
DE,DEA12,"Duisburg, Kreisfreie Stadt","Duisburg, Kreisfreie Stadt",,,
DE,DEA13,"Essen, Kreisfreie Stadt","Essen, Kreisfreie Stadt",,,
DE,DEA14,"Krefeld, Kreisfreie Stadt","Krefeld, Kreisfreie Stadt",,,
DE,DEA15,"Mönchengladbach, Kreisfreie Stadt","Mönchengladbach, Kreisfreie Stadt",,,
DE,DEA16,"Mülheim an der Ruhr, Kreisfreie Stadt","Mülheim an der Ruhr, Kreisfreie Stadt",,,
DE,DEA17,"Oberhausen, Kreisfreie Stadt","Oberhausen, Kreisfreie Stadt",,,
DE,DEA18,"Remscheid, Kreisfreie Stadt","Remscheid, Kreisfreie Stadt",,,
DE,DEA19,"Solingen, Kreisfreie Stadt","Solingen, Kreisfreie Stadt",,,
DE,DEA1A,"Wuppertal, Kreisfreie Stadt","Wuppertal, Kreisfreie Stadt",,,
DE,DEA1B,Kleve,Kleve,,,
DE,DEA1C,Mettmann,Mettmann,,,
DE,DEA1D,Rhein-Kreis Neuss,Rhein-Kreis Neuss,,,
DE,DEA1E,Viersen,Viersen,,,
DE,DEA1F,Wesel,Wesel,,,
DE,DEA2,Köln,Köln,,,
DE,DEA22,"Bonn, Kreisfreie Stadt","Bonn, Kreisfreie Stadt",,,
DE,DEA23,"Köln, Kreisfreie Stadt","Köln, Kreisfreie Stadt",,,
DE,DEA24,"Leverkusen, Kreisfreie Stadt","Leverkusen, Kreisfreie Stadt",,,
DE,DEA26,Düren,Düren,,,
DE,DEA27,Rhein-Erft-Kreis,Rhein-Erft-Kreis,,,
DE,DEA28,Euskirchen,Euskirchen,,,
DE,DEA29,Heinsberg,Heinsberg,,,
DE,DEG0U,Saalfeld-Rudolstadt,Saalfeld-Rudolstadt,,,
DE,DEG0V,Sonneberg,Sonneberg,,,
DK,DK,Danmark,Danmark,,,
DK,DK0,Danmark,Danmark,,,
DK,DK01,Hovedstaden,Hovedstaden,,,
DK,DK011,Byen København,Byen København,,,
DK,DK012,Københavns omegn,Københavns omegn,,,
DK,DK013,Nordsjælland,Nordsjælland,,,
DK,DK014,Bornholm,Bornholm,,,
DK,DK02,Sjælland,Sjælland,,,
DK,DK021,Østsjælland,Østsjælland,,,
DK,DK022,Vest- og Sydsjælland,Vest- og Sydsjælland,,,
DK,DK03,Syddanmark,Syddanmark,,,
DK,DK031,Fyn,Fyn,,,
DK,DK032,Sydjylland,Sydjylland,,,
DK,DK04,Midtjylland,Midtjylland,,,
DK,DK041,Vestjylland,Vestjylland,,,
DK,DK042,Østjylland,Østjylland,,,
DK,DK05,Nordjylland,Nordjylland,,,
DK,DK050,Nordjylland,Nordjylland,,,
EE,EE,Eesti,Eesti,,,
EE,EE0,Eesti,Eesti,,,
EE,EE00,Eesti,Eesti,,,
EE,EE001,Põhja-Eesti,Põhja-Eesti,,,
EE,EE004,Lääne-Eesti,Lääne-Eesti,,,
EE,EE008,Lõuna-Eesti,Lõuna-Eesti,,,
EE,EE009,Kesk-Eesti,Kesk-Eesti,,,
EE,EE00A,Kirde-Eesti,Kirde-Eesti,,,
EL,EL,Elláda,Ελλάδα ,,,
EL,EL3,Attiki,Αττική ,,,
EL,EL30,Attiki,Aττική,,,
EL,EL301,Voreios Tomeas Athinon,Βόρειος Τομέας Αθηνών,,,
EL,EL302,Dytikos Tomeas Athinon,Δυτικός Τομέας Αθηνών,,,
EL,EL303,Kentrikos Tomeas Athinon,Κεντρικός Τομέας Αθηνών,,,
EL,EL304,Notios Tomeas Athinon,Νότιος Τομέας Αθηνών,,,
EL,EL305,Anatoliki Attiki,Ανατολική Αττική,,,
EL,EL306,Dytiki Attiki,Δυτική Αττική,,,
EL,EL307,"Peiraias, Nisoi","Πειραιάς, Νήσοι",,,
EL,EL4,"Nisia Aigaiou, Kriti","Νησιά Αιγαίου, Κρήτη",,,
EL,EL41,Voreio Aigaio,Βόρειο Αιγαίο,,,
EL,EL411,"Lesvos, Limnos","Λέσβος, Λήμνος",,,
EL,EL412,"Ikaria, Samos","Ικαρία, Σάμος",,,
EL,EL413,Chios,Χίος,,,
EL,EL42,Notio Aigaio,Νότιο Αιγαίο,,,
EL,EL421,"Kalymnos, Karpathos, Kasos, Kos, Rodos","Κάλυμνος, Κάρπαθος – Ηρωική Νήσος Κάσος, Κως, Ρόδος",,,
EL,EL422,"Andros, Thira, Kea - Kythnos, Milos, Mykonos, Naxos, Paros,  Syros, Tinos","Άνδρος, Θήρα, Κέα - Κύθνος, Μήλος, Μύκονος, Νάξος, Πάρος, Σύρος, Τήνος",,,
EL,EL43,Kriti,Κρήτη,,,
EL,EL431,Irakleio,Ηράκλειο,,,
EL,EL432,Lasithi,Λασίθι,,,
EL,EL433,Rethymni,Ρέθυμνο,,,
EL,EL434,Chania,Χανιά,,,
EL,EL5,Voreia Elláda,Βόρεια Ελλάδα,,,
EL,EL51,"Anatoliki Makedonia, Thraki","Aνατολική Μακεδονία, Θράκη",,,
EL,EL511,Evros,Έβρος,,,
EL,EL512,Xanthi,Ξάνθη,,,
EL,EL513,Rodopi,Ροδόπη,,,
EL,EL514,Drama,Δράμα,,,
EL,EL515,"Thasos, Kavala","Θάσος, Καβάλα",,,
EL,EL52,Kentriki Makedonia,Κεντρική Μακεδονία,,,
EL,EL521,Imathia,Ημαθία,,,
EL,EL522,Thessaloniki,Θεσσαλονίκη,,,
EL,EL523,Kilkis,Κιλκίς,,,
EL,EL524,Pella,Πέλλα,,,
EL,EL525,Pieria,Πιερία,,,
EL,EL526,Serres,Σέρρες,,,
EL,EL527,Chalkidiki,Χαλκιδική,,,
EL,EL53,Dytiki Makedonia,Δυτική Μακεδονία,,,
EL,EL531,"Grevena, Kozani","Γρεβενά, Κοζάνη",,,
EL,EL532,Kastoria,Καστοριά,,,
EL,EL533,Florina,Φλώρινα,,,
EL,EL54,Ipeiros,Ήπειρος,,,
EL,EL541,"Arta, Preveza","Άρτα, Πρέβεζα",,,
EL,EL542,Thesprotia,Θεσπρωτία,,,
EL,EL543,Ioannina,Ιωάννινα,,,
EL,EL6,Kentriki Elláda,Κεντρική Ελλάδα,,,
EL,EL61,Thessalia,Θεσσαλία,,,
EL,EL611,"Karditsa, Trikala","Καρδίτσα, Τρίκαλα",,,
EL,EL612,Larisa,Λάρισα,,,
EL,EL613,"Magnisia, Sporades","Μαγνησία, Σποράδες",,,
EL,EL62,Ionia Nisia,Ιόνια Νησιά,,,
EL,EL621,Zakynthos,Ζάκυνθος,,,
EL,EL622,Kerkyra,Κέρκυρα,,,
EL,EL623,"Ithaki, Kefallinia","Ιθάκη, Κεφαλληνία",,,
EL,EL624,Lefkada,Λευκάδα,,,
EL,EL63,Dytiki Elláda,Δυτική Ελλάδα,,,
EL,EL631,Aitoloakarnania,Αιτωλοακαρνανία,,,
EL,EL632,Achaia,Αχαΐα,,,
EL,EL633,Ileia,Ηλεία,,,
EL,EL64,Sterea Elláda,Στερεά Ελλάδα,,,
EL,EL641,Voiotia,Βοιωτία,,,
EL,EL642,Evvoia,Εύβοια,,,
EL,EL643,Evrytania,Ευρυτανία,,,
EL,EL644,Fthiotida,Φθιώτιδα,,,
EL,EL645,Fokida,Φωκίδα,,,
EL,EL65,Peloponnisos,Πελοπόννησος,,,
EL,EL651,"Argolida, Arkadia","Αργολίδα, Αρκαδία",,,
EL,EL652,Korinthia,Κορινθία,,,
EL,EL653,"Lakonia, Messinia","Λακωνία, Μεσσηνία",,,
ES,ES,España,España,,,
ES,ES1,Noroeste,Noroeste,,,
ES,ES11,Galicia,Galicia,,,
ES,ES111,A Coruña,A Coruña,,,
ES,ES112,Lugo,Lugo,,,
ES,ES113,Ourense,Ourense,,,
ES,ES114,Pontevedra,Pontevedra,,,
ES,ES12,Principado de Asturias,Principado de Asturias,,,
ES,ES120,Asturias,Asturias,,,
ES,ES13,Cantabria,Cantabria,,,
ES,ES130,Cantabria,Cantabria,,,
ES,ES2,Noreste,Noreste,,,
ES,ES21,País Vasco,País Vasco,,,
ES,ES211,Araba/Álava,Araba/Álava,,,
ES,ES212,Gipuzkoa,Gipuzkoa,,,
ES,ES213,Bizkaia,Bizkaia,,,
ES,ES22,Comunidad Foral de Navarra,Comunidad Foral de Navarra,,,
ES,ES220,Navarra,Navarra,,,
ES,ES23,La Rioja,La Rioja,,,
ES,ES230,La Rioja,La Rioja,,,
ES,ES24,Aragón,Aragón,,,
ES,ES241,Huesca,Huesca,,,
ES,ES242,Teruel,Teruel,,,
ES,ES243,Zaragoza,Zaragoza,,,
ES,ES3,Comunidad de Madrid,Comunidad de Madrid,,,
ES,ES30,Comunidad de Madrid,Comunidad de Madrid,,,
ES,ES300,Madrid,Madrid,,,
ES,ES4,Centro (ES),Centro (ES),,,
ES,ES41,Castilla y León,Castilla y León,,,
ES,ES411,Ávila,Ávila,,,
ES,ES412,Burgos,Burgos,,,
ES,ES413,León,León,,,
ES,ES414,Palencia,Palencia,,,
ES,ES415,Salamanca,Salamanca,,,
ES,ES416,Segovia,Segovia,,,
ES,ES417,Soria,Soria,,,
ES,ES418,Valladolid,Valladolid,,,
ES,ES419,Zamora,Zamora,,,
ES,ES42,Castilla-La Mancha,Castilla-La Mancha,,,
ES,ES421,Albacete,Albacete,,,
ES,ES422,Ciudad Real,Ciudad Real,,,
ES,ES423,Cuenca,Cuenca,,,
ES,ES424,Guadalajara,Guadalajara,,,
ES,ES425,Toledo,Toledo,,,
ES,ES43,Extremadura,Extremadura,,,
ES,ES431,Badajoz,Badajoz,,,
ES,ES432,Cáceres,Cáceres,,,
ES,ES5,Este,Este,,,
ES,ES51,Cataluña,Cataluña,,,
ES,ES511,Barcelona,Barcelona,,,
ES,ES512,Girona,Girona,,,
ES,ES513,Lleida,Lleida,,,
ES,ES514,Tarragona,Tarragona,,,
ES,ES52,Comunitat Valenciana ,Comunitat Valenciana ,,,
ES,ES521,Alicante/Alacant,Alicante/Alacant,,,
ES,ES522,Castellón/Castelló,Castellón/Castelló,,,
ES,ES523,Valencia/València,Valencia/València,,,
ES,ES53,Illes Balears,Illes Balears,,,
ES,ES531,Eivissa y Formentera,Eivissa y Formentera,,,
ES,ES532,Mallorca,Mallorca,,,
ES,ES533,Menorca,Menorca,,,
ES,ES6,Sur,Sur,,,
ES,ES61,Andalucía,Andalucía,,,
ES,ES611,Almería,Almería,,,
ES,ES612,Cádiz,Cádiz,,,
ES,ES613,Córdoba,Córdoba,,,
ES,ES614,Granada,Granada,,,
ES,ES615,Huelva,Huelva,,,
ES,ES616,Jaén,Jaén,,,
ES,ES617,Málaga,Málaga,,,
ES,ES618,Sevilla,Sevilla,,,
ES,ES62,Región de Murcia,Región de Murcia,,,
ES,ES620,Murcia,Murcia,,,
ES,ES63,Ciudad de Ceuta,Ciudad de Ceuta,,,
ES,ES630,Ceuta,Ceuta,,,
ES,ES64,Ciudad de Melilla,Ciudad de Melilla,,,
ES,ES640,Melilla,Melilla,,,
DE,DEA2A,Oberbergischer Kreis,Oberbergischer Kreis,,,
DE,DEA2B,Rheinisch-Bergischer Kreis,Rheinisch-Bergischer Kreis,,,
DE,DEA2C,Rhein-Sieg-Kreis,Rhein-Sieg-Kreis,,,
DE,DEA2D,Städteregion Aachen,Städteregion Aachen,,,
DE,DEA3,Münster,Münster,,,
DE,DEA31,"Bottrop, Kreisfreie Stadt","Bottrop, Kreisfreie Stadt",,,
DE,DEA32,"Gelsenkirchen, Kreisfreie Stadt","Gelsenkirchen, Kreisfreie Stadt",,,
DE,DEA33,"Münster, Kreisfreie Stadt","Münster, Kreisfreie Stadt",,,
DE,DEA34,Borken,Borken,,,
DE,DEA35,Coesfeld,Coesfeld,,,
DE,DEA36,Recklinghausen,Recklinghausen,,,
DE,DEA37,Steinfurt,Steinfurt,,,
DE,DEA38,Warendorf,Warendorf,,,
DE,DEA4,Detmold,Detmold,,,
DE,DEA41,"Bielefeld, Kreisfreie Stadt","Bielefeld, Kreisfreie Stadt",,,
DE,DEA42,Gütersloh,Gütersloh,,,
DE,DEA43,Herford,Herford,,,
DE,DEA44,Höxter,Höxter,,,
DE,DEA45,Lippe,Lippe,,,
DE,DEA46,Minden-Lübbecke,Minden-Lübbecke,,,
DE,DEA47,Paderborn,Paderborn,,,
DE,DEA5,Arnsberg,Arnsberg,,,
DE,DEA51,"Bochum, Kreisfreie Stadt","Bochum, Kreisfreie Stadt",,,
DE,DEA52,"Dortmund, Kreisfreie Stadt","Dortmund, Kreisfreie Stadt",,,
DE,DEA53,"Hagen, Kreisfreie Stadt","Hagen, Kreisfreie Stadt",,,
DE,DEA54,"Hamm, Kreisfreie Stadt","Hamm, Kreisfreie Stadt",,,
DE,DEA55,"Herne, Kreisfreie Stadt","Herne, Kreisfreie Stadt",,,
DE,DEA56,Ennepe-Ruhr-Kreis,Ennepe-Ruhr-Kreis,,,
DE,DEA57,Hochsauerlandkreis,Hochsauerlandkreis,,,
DE,DEA58,Märkischer Kreis,Märkischer Kreis,,,
DE,DEA59,Olpe,Olpe,,,
DE,DEA5A,Siegen-Wittgenstein,Siegen-Wittgenstein,,,
DE,DEA5B,Soest,Soest,,,
DE,DEA5C,Unna,Unna,,,
DE,DEB,Rheinland-Pfalz,Rheinland-Pfalz,,,
DE,DEB1,Koblenz,Koblenz,,,
DE,DEB11,"Koblenz, Kreisfreie Stadt","Koblenz, Kreisfreie Stadt",,,
DE,DEB12,Ahrweiler,Ahrweiler,,,
DE,DEB13,Altenkirchen (Westerwald),Altenkirchen (Westerwald),,,
DE,DEB14,Bad Kreuznach,Bad Kreuznach,,,
DE,DEB15,Birkenfeld,Birkenfeld,,,
DE,DEB17,Mayen-Koblenz,Mayen-Koblenz,,,
DE,DEB18,Neuwied,Neuwied,,,
DE,DEB1A,Rhein-Lahn-Kreis,Rhein-Lahn-Kreis,,,
DE,DEB1B,Westerwaldkreis,Westerwaldkreis,,,
DE,DEB1C,Cochem-Zell,Cochem-Zell,,,
DE,DEB1D,Rhein-Hunsrück-Kreis,Rhein-Hunsrück-Kreis,,,
DE,DEB2,Trier,Trier,,,
DE,DEB21,"Trier, Kreisfreie Stadt","Trier, Kreisfreie Stadt",,,
DE,DEB22,Bernkastel-Wittlich,Bernkastel-Wittlich,,,
DE,DEB23,Eifelkreis Bitburg-Prüm,Eifelkreis Bitburg-Prüm,,,
DE,DEB24,Vulkaneifel,Vulkaneifel,,,
DE,DEB25,Trier-Saarburg,Trier-Saarburg,,,
DE,DEB3,Rheinhessen-Pfalz,Rheinhessen-Pfalz,,,
DE,DEB31,"Frankenthal (Pfalz), Kreisfreie Stadt","Frankenthal (Pfalz), Kreisfreie Stadt",,,
DE,DEB32,"Kaiserslautern, Kreisfreie Stadt","Kaiserslautern, Kreisfreie Stadt",,,
DE,DEB33,"Landau in der Pfalz, Kreisfreie Stadt","Landau in der Pfalz, Kreisfreie Stadt",,,
DE,DEB34,"Ludwigshafen am Rhein, Kreisfreie Stadt","Ludwigshafen am Rhein, Kreisfreie Stadt",,,
DE,DEB35,"Mainz, Kreisfreie Stadt","Mainz, Kreisfreie Stadt",,,
DE,DEB36,"Neustadt an der Weinstraße, Kreisfreie Stadt","Neustadt an der Weinstraße, Kreisfreie Stadt",,,
DE,DEB37,"Pirmasens, Kreisfreie Stadt","Pirmasens, Kreisfreie Stadt",,,
DE,DEB38,"Speyer, Kreisfreie Stadt","Speyer, Kreisfreie Stadt",,,
DE,DEB39,"Worms, Kreisfreie Stadt","Worms, Kreisfreie Stadt",,,
DE,DEB3A,"Zweibrücken, Kreisfreie Stadt","Zweibrücken, Kreisfreie Stadt",,,
DE,DEB3B,Alzey-Worms,Alzey-Worms,,,
DE,DEB3C,Bad Dürkheim,Bad Dürkheim,,,
DE,DEB3D,Donnersbergkreis,Donnersbergkreis,,,
DE,DEB3E,Germersheim,Germersheim,,,
DE,DEB3F,"Kaiserslautern, Landkreis","Kaiserslautern, Landkreis",,,
DE,DEB3G,Kusel,Kusel,,,
DE,DEB3H,Südliche Weinstraße,Südliche Weinstraße,,,
DE,DEB3I,Rhein-Pfalz-Kreis,Rhein-Pfalz-Kreis,,,
DE,DEB3J,Mainz-Bingen,Mainz-Bingen,,,
DE,DEB3K,Südwestpfalz,Südwestpfalz,,,
DE,DEC,Saarland,Saarland,,,
DE,DEC0,Saarland,Saarland,,,
DE,DEC01,Regionalverband Saarbrücken,Regionalverband Saarbrücken,,,
DE,DEC02,Merzig-Wadern,Merzig-Wadern,,,
DE,DEC03,Neunkirchen,Neunkirchen,,,
DE,DEC04,Saarlouis,Saarlouis,,,
DE,DEC05,Saarpfalz-Kreis,Saarpfalz-Kreis,,,
DE,DEC06,St. Wendel,St. Wendel,,,
DE,DED,Sachsen,Sachsen,,,
DE,DED2,Dresden,Dresden,,,
DE,DED21,"Dresden, Kreisfreie Stadt","Dresden, Kreisfreie Stadt",,,
DE,DED2C,Bautzen,Bautzen,,,
DE,DED2D,Görlitz,Görlitz,,,
DE,DED2E,Meißen,Meißen,,,
DE,DED2F,Sächsische Schweiz-Osterzgebirge,Sächsische Schweiz-Osterzgebirge,,,
DE,DED4,Chemnitz,Chemnitz,,,
DE,DED41,"Chemnitz, Kreisfreie Stadt","Chemnitz, Kreisfreie Stadt",,,
DE,DED42,Erzgebirgskreis,Erzgebirgskreis,,,
DE,DED43,Mittelsachsen,Mittelsachsen,,,
DE,DED44,Vogtlandkreis,Vogtlandkreis,,,
DE,DED45,Zwickau,Zwickau,,,
DE,DED5,Leipzig,Leipzig,,,
DE,DED51,"Leipzig, Kreisfreie Stadt","Leipzig, Kreisfreie Stadt",,,
DE,DED52,Leipzig,Leipzig,,,
DE,DED53,Nordsachsen,Nordsachsen,,,
DE,DEE,Sachsen-Anhalt,Sachsen-Anhalt,,,
DE,DEE0,Sachsen-Anhalt,Sachsen-Anhalt,,,
DE,DEE01,"Dessau-Roßlau, Kreisfreie Stadt","Dessau-Roßlau, Kreisfreie Stadt",,,
DE,DEE02,"Halle (Saale), Kreisfreie Stadt","Halle (Saale), Kreisfreie Stadt",,,
DE,DEE03,"Magdeburg, Kreisfreie Stadt","Magdeburg, Kreisfreie Stadt",,,
DE,DEE04,Altmarkkreis Salzwedel,Altmarkkreis Salzwedel,,,
DE,DEE05,Anhalt-Bitterfeld,Anhalt-Bitterfeld,,,
DE,DEE06,Jerichower Land,Jerichower Land,,,
DE,DEE07,Börde,Börde,,,
DE,DEE08,Burgenlandkreis,Burgenlandkreis,,,
DE,DEE09,Harz,Harz,,,
DE,DEE0A,Mansfeld-Südharz,Mansfeld-Südharz,,,
DE,DEE0B,Saalekreis,Saalekreis,,,
DE,DEE0C,Salzlandkreis,Salzlandkreis,,,
DE,DEE0D,Stendal,Stendal,,,
DE,DEE0E,Wittenberg,Wittenberg,,,
DE,DEF,Schleswig-Holstein,Schleswig-Holstein,,,
DE,DEF0,Schleswig-Holstein,Schleswig-Holstein,,,
DE,DEF01,"Flensburg, Kreisfreie Stadt","Flensburg, Kreisfreie Stadt",,,
DE,DEF02,"Kiel, Kreisfreie Stadt","Kiel, Kreisfreie Stadt",,,
DE,DEF03,"Lübeck, Kreisfreie Stadt","Lübeck, Kreisfreie Stadt",,,
DE,DEF04,"Neumünster, Kreisfreie Stadt","Neumünster, Kreisfreie Stadt",,,
DE,DEF05,Dithmarschen,Dithmarschen,,,
DE,DEF06,Herzogtum Lauenburg,Herzogtum Lauenburg,,,
DE,DEF07,Nordfriesland,Nordfriesland,,,
DE,DEF08,Ostholstein,Ostholstein,,,
DE,DEF09,Pinneberg,Pinneberg,,,
DE,DEF0A,Plön,Plön,,,
DE,DEF0B,Rendsburg-Eckernförde,Rendsburg-Eckernförde,,,
DE,DEF0C,Schleswig-Flensburg,Schleswig-Flensburg,,,
DE,DEF0D,Segeberg,Segeberg,,,
DE,DEF0E,Steinburg,Steinburg,,,
DE,DEF0F,Stormarn,Stormarn,,,
DE,DEG,Thüringen,Thüringen,,,
DE,DEG0,Thüringen,Thüringen,,,
DE,DEG01,"Erfurt, Kreisfreie Stadt","Erfurt, Kreisfreie Stadt",,,
DE,DEG02,"Gera, Kreisfreie Stadt","Gera, Kreisfreie Stadt",,,
DE,DEG03,"Jena, Kreisfreie Stadt","Jena, Kreisfreie Stadt",,,
DE,DEG05,"Weimar, Kreisfreie Stadt","Weimar, Kreisfreie Stadt",,,
DE,DEG06,Eichsfeld,Eichsfeld,,,
DE,DEG07,Nordhausen,Nordhausen,,,
DE,DEG09,Unstrut-Hainich-Kreis,Unstrut-Hainich-Kreis,,,
DE,DEG0A,Kyffhäuserkreis,Kyffhäuserkreis,,,
DE,DEG0C,Gotha,Gotha,,,
DE,DEG0D,Sömmerda,Sömmerda,,,
DE,DEG0E,Hildburghausen,Hildburghausen,,,
DE,DEG0G,Weimarer Land,Weimarer Land,,,
DE,DEG0J,Saale-Holzland-Kreis,Saale-Holzland-Kreis,,,
DE,DEG0K,Saale-Orla-Kreis,Saale-Orla-Kreis,,,
DE,DEG0L,Greiz,Greiz,,,
DE,DEG0M,Altenburger Land,Altenburger Land,,,
DE,DEG0Q,Schmalkalden-Meiningen,Schmalkalden-Meiningen,,,
DE,DEG0R,Wartburgkreis,Wartburgkreis,,,
DE,DEG0S,"Suhl, Kreisfreie Stadt","Suhl, Kreisfreie Stadt",,,
DE,DEG0T,Ilm-Kreis,Ilm-Kreis,,,
AT,AT,Österreich,Österreich,,,
AT,AT1,Ostösterreich,Ostösterreich,,,
AT,AT11,Burgenland,Burgenland,,,
AT,AT111,Mittelburgenland,Mittelburgenland,,,
AT,AT112,Nordburgenland,Nordburgenland,,,
AT,AT113,Südburgenland,Südburgenland,,,
AT,AT12,Niederösterreich,Niederösterreich,,,
AT,AT121,Mostviertel-Eisenwurzen,Mostviertel-Eisenwurzen,,,
AT,AT122,Niederösterreich-Süd,Niederösterreich-Süd,,,
AT,AT123,Sankt Pölten,Sankt Pölten,,,
AT,AT124,Waldviertel,Waldviertel,,,
AT,AT125,Weinviertel,Weinviertel,,,
AT,AT126,Wiener Umland/Nordteil,Wiener Umland/Nordteil,,,
AT,AT127,Wiener Umland/Südteil,Wiener Umland/Südteil,,,
AT,AT13,Wien,Wien,,,
AT,AT130,Wien,Wien,,,
AT,AT2,Südösterreich,Südösterreich,,,
AT,AT21,Kärnten,Kärnten,,,
AT,AT211,Klagenfurt-Villach,Klagenfurt-Villach,,,
AT,AT212,Oberkärnten,Oberkärnten,,,
AT,AT213,Unterkärnten,Unterkärnten,,,
AT,AT22,Steiermark,Steiermark,,,
AT,AT221,Graz,Graz,,,
AT,AT222,Liezen,Liezen,,,
AT,AT223,Östliche Obersteiermark,Östliche Obersteiermark,,,
AT,AT224,Oststeiermark,Oststeiermark,,,
AT,AT225,West- und Südsteiermark,West- und Südsteiermark,,,
AT,AT226,Westliche Obersteiermark,Westliche Obersteiermark,,,
AT,AT3,Westösterreich,Westösterreich,,,
AT,AT31,Oberösterreich,Oberösterreich,,,
AT,AT311,Innviertel,Innviertel,,,
AT,AT312,Linz-Wels,Linz-Wels,,,
AT,AT313,Mühlviertel,Mühlviertel,,,
AT,AT314,Steyr-Kirchdorf,Steyr-Kirchdorf,,,
AT,AT315,Traunviertel,Traunviertel,,,
AT,AT32,Salzburg,Salzburg,,,
AT,AT321,Lungau,Lungau,,,
AT,AT322,Pinzgau-Pongau,Pinzgau-Pongau,,,
AT,AT323,Salzburg und Umgebung,Salzburg und Umgebung,,,
AT,AT33,Tirol,Tirol,,,
AT,AT331,Außerfern,Außerfern,,,
AT,AT332,Innsbruck,Innsbruck,,,
AT,AT333,Osttirol,Osttirol,,,
AT,AT334,Tiroler Oberland,Tiroler Oberland,,,
AT,AT335,Tiroler Unterland,Tiroler Unterland,,,
AT,AT34,Vorarlberg,Vorarlberg,,,
AT,AT341,Bludenz-Bregenzer Wald,Bludenz-Bregenzer Wald,,,
AT,AT342,Rheintal-Bodenseegebiet,Rheintal-Bodenseegebiet,,,
BE,BE,Belgique/België,Belgique/België,,,
BE,BE1,Région de Bruxelles-Capitale/Brussels Hoofdstedelijk Gewest,Région de Bruxelles-Capitale/Brussels Hoofdstedelijk Gewest,,,
BE,BE10,Région de Bruxelles-Capitale/ Brussels Hoofdstedelijk Gewest,Région de Bruxelles-Capitale/ Brussels Hoofdstedelijk Gewest,,,
BE,BE100,Arr. de Bruxelles-Capitale/Arr. Brussel-Hoofdstad,Arr. de Bruxelles-Capitale/Arr. Brussel-Hoofdstad,,,
BE,BE2,Vlaams Gewest,Vlaams Gewest,,,
BE,BE21,Prov. Antwerpen,Prov. Antwerpen,,,
BE,BE211,Arr. Antwerpen,Arr. Antwerpen,,,
BE,BE212,Arr. Mechelen,Arr. Mechelen,,,
BE,BE213,Arr. Turnhout,Arr. Turnhout,,,
BE,BE22,Prov. Limburg (BE),Prov. Limburg (BE),,,
BE,BE223,Arr. Tongeren,Arr. Tongeren,,,
BE,BE224,Arr. Hasselt,Arr. Hasselt,,,
BE,BE225,Arr. Maaseik,Arr. Maaseik,,,
BE,BE23,Prov. Oost-Vlaanderen,Prov. Oost-Vlaanderen,,,
BE,BE231,Arr. Aalst,Arr. Aalst,,,
BE,BE232,Arr. Dendermonde,Arr. Dendermonde,,,
BE,BE233,Arr. Eeklo,Arr. Eeklo,,,
BE,BE234,Arr. Gent,Arr. Gent,,,
BE,BE235,Arr. Oudenaarde,Arr. Oudenaarde,,,
BE,BE236,Arr. Sint-Niklaas,Arr. Sint-Niklaas,,,
BE,BE24,Prov. Vlaams-Brabant,Prov. Vlaams-Brabant,,,
BE,BE241,Arr. Halle-Vilvoorde,Arr. Halle-Vilvoorde,,,
BE,BE242,Arr. Leuven,Arr. Leuven,,,
BE,BE25,Prov. West-Vlaanderen,Prov. West-Vlaanderen,,,
BE,BE251,Arr. Brugge,Arr. Brugge,,,
BE,BE252,Arr. Diksmuide,Arr. Diksmuide,,,
BE,BE253,Arr. Ieper,Arr. Ieper,,,
BE,BE254,Arr. Kortrijk,Arr. Kortrijk,,,
BE,BE255,Arr. Oostende,Arr. Oostende,,,
BE,BE256,Arr. Roeselare,Arr. Roeselare,,,
BE,BE257,Arr. Tielt,Arr. Tielt,,,
BE,BE258,Arr. Veurne,Arr. Veurne,,,
BE,BE3,Région wallonne,Région wallonne,,,
BE,BE31,Prov. Brabant wallon,Prov. Brabant wallon,,,
BE,BE310,Arr. Nivelles,Arr. Nivelles,,,
BE,BE32,Prov. Hainaut,Prov. Hainaut,,,
BE,BE323,Arr. Mons,Arr. Mons,,,
BE,BE328,Arr. Tournai-Mouscron,Arr. Tournai-Mouscron,,,
BE,BE329,Arr. La Louvière,Arr. La Louvière,,,
BE,BE32A,Arr. Ath,Arr. Ath,,,
BE,BE32B,Arr. Charleroi,Arr. Charleroi,,,
BE,BE32C,Arr. Soignies,Arr. Soignies,,,
BE,BE32D,Arr. Thuin,Arr. Thuin,,,
BE,BE33,Prov. Liège,Prov. Liège,,,
BE,BE331,Arr. Huy,Arr. Huy,,,
BE,BE332,Arr. Liège,Arr. Liège,,,
BE,BE334,Arr. Waremme,Arr. Waremme,,,
BE,BE335,Arr. Verviers — communes francophones,Arr. Verviers — communes francophones,,,
BE,BE336,Bezirk Verviers — Deutschsprachige Gemeinschaft,Bezirk Verviers — Deutschsprachige Gemeinschaft,,,
BE,BE34,Prov. Luxembourg (BE),Prov. Luxembourg (BE),,,
BE,BE341,Arr. Arlon,Arr. Arlon,,,
BE,BE342,Arr. Bastogne,Arr. Bastogne,,,
BE,BE343,Arr. Marche-en-Famenne,Arr. Marche-en-Famenne,,,
BE,BE344,Arr. Neufchâteau,Arr. Neufchâteau,,,
BE,BE345,Arr. Virton,Arr. Virton,,,
BE,BE35,Prov. Namur,Prov. Namur,,,
BE,BE351,Arr. Dinant,Arr. Dinant,,,
BE,BE352,Arr. Namur,Arr. Namur,,,
BE,BE353,Arr. Philippeville,Arr. Philippeville,,,
BG,BG,Bulgaria,България ,,,
BG,BG3,Severna i Yugoiztochna Bulgaria,Северна и Югоизточна България,,,
BG,BG31,Severozapaden,Северозападен,,,
BG,BG311,Vidin,Видин,,,
BG,BG312,Montana,Монтана,,,
BG,BG313,Vratsa,Враца,,,
BG,BG314,Pleven,Плевен,,,
BG,BG315,Lovech,Ловеч,,,
BG,BG32,Severen tsentralen,Северен централен,,,
BG,BG321,Veliko Tarnovo,Велико Търново,,,
BG,BG322,Gabrovo,Габрово,,,
BG,BG323,Ruse,Русе,,,
BG,BG324,Razgrad,Разград,,,
BG,BG325,Silistra,Силистра,,,
BG,BG33,Severoiztochen,Североизточен,,,
BG,BG331,Varna,Варна,,,
BG,BG332,Dobrich,Добрич,,,
BG,BG333,Shumen,Шумен,,,
BG,BG334,Targovishte,Търговище,,,
BG,BG34,Yugoiztochen,Югоизточен,,,
BG,BG341,Burgas,Бургас,,,
BG,BG342,Sliven,Сливен,,,
BG,BG343,Yambol,Ямбол,,,
BG,BG344,Stara Zagora,Стара Загора,,,
BG,BG4,Yugozapadna i Yuzhna tsentralna Bulgaria,Югозападна и Южна централна България,,,
BG,BG41,Yugozapaden,Югозападен,,,
BG,BG411,Sofia (stolitsa),София (столица),,,
BG,BG412,Sofia,София,,,
BG,BG413,Blagoevgrad,Благоевград,,,
BG,BG414,Pernik,Перник,,,
BG,BG415,Kyustendil,Кюстендил,,,
BG,BG42,Yuzhen tsentralen,Южен централен,,,
BG,BG421,Plovdiv,Пловдив,,,
BG,BG422,Haskovo,Хасково,,,
BG,BG423,Pazardzhik,Пазарджик,,,
BG,BG424,Smolyan,Смолян,,,
BG,BG425,Kardzhali,Кърджали,,,
CY,CY,Kýpros,Κύπρος ,,,
CY,CY0,Kýpros,Κύπρος,,,
CY,CY00,Kýpros,Κύπρος,,,
CY,CY000,Kýpros,Κύπρος,,,
CZ,CZ,Česko,Česko,,,
CZ,CZ0,Česko,Česko,,,
CZ,CZ01,Praha,Praha,,,
CZ,CZ010,Hlavní město Praha,Hlavní město Praha,,,
CZ,CZ02,Střední Čechy,Střední Čechy,,,
CZ,CZ020,Středočeský kraj,Středočeský kraj,,,
CZ,CZ03,Jihozápad,Jihozápad,,,
CZ,CZ031,Jihočeský kraj,Jihočeský kraj,,,
CZ,CZ032,Plzeňský kraj,Plzeňský kraj,,,
CZ,CZ04,Severozápad,Severozápad,,,
CZ,CZ041,Karlovarský kraj,Karlovarský kraj,,,
CZ,CZ042,Ústecký kraj,Ústecký kraj,,,
CZ,CZ05,Severovýchod,Severovýchod,,,
CZ,CZ051,Liberecký kraj,Liberecký kraj,,,
CZ,CZ052,Královéhradecký kraj,Královéhradecký kraj,,,
LT,LT,Lietuva,Lietuva,,,
LT,LT0,Lietuva,Lietuva,,,
LT,LT01,Sostinės regionas,Sostinės regionas,,,
LT,LT011,Vilniaus apskritis,Vilniaus apskritis,,,
LT,LT02,Vidurio ir vakarų Lietuvos regionas ,Vidurio ir vakarų Lietuvos regionas ,,,
LT,LT021,Alytaus apskritis,Alytaus apskritis,,,
LT,LT022,Kauno apskritis,Kauno apskritis,,,
LT,LT023,Klaipėdos apskritis,Klaipėdos apskritis,,,
LT,LT024,Marijampolės apskritis,Marijampolės apskritis,,,
LT,LT025,Panevėžio apskritis,Panevėžio apskritis,,,
LT,LT026,Šiaulių apskritis,Šiaulių apskritis,,,
LT,LT027,Tauragės apskritis,Tauragės apskritis,,,
LT,LT028,Telšių apskritis,Telšių apskritis,,,
LT,LT029,Utenos apskritis,Utenos apskritis,,,
LU,LU,Luxembourg,Luxembourg,,,
LU,LU0,Luxembourg,Luxembourg,,,
LU,LU00,Luxembourg,Luxembourg,,,
LU,LU000,Luxembourg,Luxembourg,,,
LV,LV,Latvija,Latvija,,,
LV,LV0,Latvija,Latvija,,,
LV,LV00,Latvija,Latvija,,,
LV,LV005,Latgale,Latgale,,,
LV,LV009,Zemgale,Zemgale,,,
LV,LV00A,Rīga,Rīga,,,
LV,LV00B,Kurzeme,Kurzeme,,,
LV,LV00C,Vidzeme,Vidzeme,,,
MT,MT,Malta,Malta,,,
MT,MT0,Malta,Malta,,,
MT,MT00,Malta,Malta,,,
MT,MT001,Malta,Malta,,,
MT,MT002,Gozo and Comino/Għawdex u Kemmuna,Gozo and Comino/Għawdex u Kemmuna,,,
NL,NL,Nederland,Nederland,,,
NL,NL1,Noord-Nederland,Noord-Nederland,,,
NL,NL11,Groningen,Groningen,,,
NL,NL112,Delfzijl en omgeving,Delfzijl en omgeving,,,
NL,NL114,Oost-Groningen,Oost-Groningen,,,
NL,NL115,Overig Groningen,Overig Groningen,,,
NL,NL12,Friesland (NL),Friesland (NL),,,
NL,NL126,Zuidoost-Friesland,Zuidoost-Friesland,,,
NL,NL127,Noord-Friesland,Noord-Friesland,,,
NL,NL128,Zuidwest-Friesland,Zuidwest-Friesland,,,
NL,NL13,Drenthe,Drenthe,,,
NL,NL131,Noord-Drenthe,Noord-Drenthe,,,
NL,NL132,Zuidoost-Drenthe,Zuidoost-Drenthe,,,
NL,NL133,Zuidwest-Drenthe,Zuidwest-Drenthe,,,
NL,NL2,Oost-Nederland,Oost-Nederland,,,
NL,NL21,Overijssel,Overijssel,,,
NL,NL211,Noord-Overijssel,Noord-Overijssel,,,
NL,NL212,Zuidwest-Overijssel,Zuidwest-Overijssel,,,
NL,NL213,Twente,Twente,,,
NL,NL22,Gelderland,Gelderland,,,
NL,NL221,Veluwe,Veluwe,,,
NL,NL224,Zuidwest-Gelderland,Zuidwest-Gelderland,,,
NL,NL225,Achterhoek,Achterhoek,,,
NL,NL226,Arnhem/Nijmegen,Arnhem/Nijmegen,,,
NL,NL23,Flevoland,Flevoland,,,
NL,NL230,Flevoland,Flevoland,,,
NL,NL3,West-Nederland,West-Nederland,,,
NL,NL32,Noord-Holland,Noord-Holland,,,
NL,NL321,Kop van Noord-Holland,Kop van Noord-Holland,,,
NL,NL323,IJmond,IJmond,,,
NL,NL325,Zaanstreek,Zaanstreek,,,
NL,NL327,Het Gooi en Vechtstreek,Het Gooi en Vechtstreek,,,
NL,NL328,Alkmaar en omgeving,Alkmaar en omgeving,,,
NL,NL32A,Agglomeratie Haarlem,Agglomeratie Haarlem,,,
NL,NL32B,Groot-Amsterdam,Groot-Amsterdam,,,
NL,NL34,Zeeland,Zeeland,,,
NL,NL341,Zeeuwsch-Vlaanderen,Zeeuwsch-Vlaanderen,,,
NL,NL342,Overig Zeeland,Overig Zeeland,,,
NL,NL35,Utrecht,Utrecht,,,
NL,NL350,Utrecht,Utrecht,,,
NL,NL36,Zuid-Holland,Zuid-Holland,,,
NL,NL361,Agglomeratie ’s-Gravenhage,Agglomeratie ’s-Gravenhage,,,
NL,NL362,Delft en Westland,Delft en Westland,,,
NL,NL363,Agglomeratie Leiden en Bollenstreek,Agglomeratie Leiden en Bollenstreek,,,
NL,NL364,Zuidoost-Zuid-Holland,Zuidoost-Zuid-Holland,,,
NL,NL365,Oost-Zuid-Holland,Oost-Zuid-Holland,,,
NL,NL366,Groot-Rijnmond,Groot-Rijnmond,,,
NL,NL4,Zuid-Nederland,Zuid-Nederland,,,
NL,NL41,Noord-Brabant,Noord-Brabant,,,
NL,NL411,West-Noord-Brabant,West-Noord-Brabant,,,
NL,NL414,Zuidoost-Noord-Brabant,Zuidoost-Noord-Brabant,,,
NL,NL415,Midden-Noord-Brabant,Midden-Noord-Brabant,,,
NL,NL416,Noordoost-Noord-Brabant,Noordoost-Noord-Brabant,,,
NL,NL42,Limburg (NL),Limburg (NL),,,
NL,NL421,Noord-Limburg,Noord-Limburg,,,
NL,NL422,Midden-Limburg,Midden-Limburg,,,
NL,NL423,Zuid-Limburg,Zuid-Limburg,,,
PL,PL,Polska,Polska,,,
PL,PL2,Makroregion południowy,Makroregion południowy,,,
PL,PL21,Małopolskie,Małopolskie,,,
PL,PL213,Miasto Kraków,Miasto Kraków,,,
PL,PL214,Krakowski,Krakowski,,,
PL,PL217,Tarnowski,Tarnowski,,,
PL,PL218,Nowosądecki,Nowosądecki,,,
PL,PL219,Nowotarski,Nowotarski,,,
PL,PL21A,Oświęcimski,Oświęcimski,,,
PL,PL22,Śląskie,Śląskie,,,
PL,PL224,Częstochowski,Częstochowski,,,
PL,PL225,Bielski,Bielski,,,
PL,PL227,Rybnicki,Rybnicki,,,
PL,PL228,Bytomski,Bytomski,,,
PL,PL229,Gliwicki,Gliwicki,,,
PL,PL22A,Katowicki,Katowicki,,,
PL,PL22B,Sosnowiecki,Sosnowiecki,,,
PL,PL22C,Tyski,Tyski,,,
PL,PL4,Makroregion północno-zachodni,Makroregion północno-zachodni,,,
PL,PL41,Wielkopolskie,Wielkopolskie,,,
PL,PL411,Pilski,Pilski,,,
PL,PL414,Koniński,Koniński,,,
PL,PL415,Miasto Poznań,Miasto Poznań,,,
PL,PL416,Kaliski,Kaliski,,,
PL,PL417,Leszczyński,Leszczyński,,,
PL,PL418,Poznański,Poznański,,,
PL,PL42,Zachodniopomorskie,Zachodniopomorskie,,,
PL,PL424,Miasto Szczecin,Miasto Szczecin,,,
PL,PL426,Koszaliński,Koszaliński,,,
PL,PL427,Szczecinecko-pyrzycki,Szczecinecko-pyrzycki,,,
PL,PL428,Szczeciński,Szczeciński,,,
PL,PL43,Lubuskie,Lubuskie,,,
PL,PL431,Gorzowski,Gorzowski,,,
PL,PL432,Zielonogórski,Zielonogórski,,,
PL,PL5,Makroregion południowo-zachodni,Makroregion południowo-zachodni,,,
PL,PL51,Dolnośląskie,Dolnośląskie,,,
PL,PL514,Miasto Wrocław,Miasto Wrocław,,,
PL,PL515,Jeleniogórski,Jeleniogórski,,,
PL,PL516,Legnicko-głogowski,Legnicko-głogowski,,,
PL,PL517,Wałbrzyski,Wałbrzyski,,,
PL,PL518,Wrocławski,Wrocławski,,,
PL,PL52,Opolskie,Opolskie,,,
PL,PL523,Nyski,Nyski,,,
PL,PL524,Opolski,Opolski,,,
PL,PL6,Makroregion północny,Makroregion północny,,,
PL,PL61,Kujawsko-pomorskie,Kujawsko-pomorskie,,,
PL,PL613,Bydgosko-toruński,Bydgosko-toruński,,,
PL,PL616,Grudziądzki,Grudziądzki,,,
PL,PL617,Inowrocławski,Inowrocławski,,,
PL,PL618,Świecki,Świecki,,,
PL,PL619,Włocławski,Włocławski,,,
PL,PL62,Warmińsko-mazurskie,Warmińsko-mazurskie,,,
PL,PL621,Elbląski,Elbląski,,,
PL,PL622,Olsztyński,Olsztyński,,,
PL,PL623,Ełcki,Ełcki,,,
PL,PL63,Pomorskie,Pomorskie,,,
PL,PL633,Trójmiejski,Trójmiejski,,,
PL,PL634,Gdański,Gdański,,,
PL,PL636,Słupski,Słupski,,,
PL,PL637,Chojnicki,Chojnicki,,,
PL,PL638,Starogardzki,Starogardzki,,,
PL,PL7,Makroregion centralny,Makroregion centralny,,,
PL,PL71,Łódzkie,Łódzkie,,,
PL,PL711,Miasto Łódź,Miasto Łódź,,,
PL,PL712,Łódzki,Łódzki,,,
PL,PL713,Piotrkowski,Piotrkowski,,,
PL,PL714,Sieradzki,Sieradzki,,,
PL,PL715,Skierniewicki,Skierniewicki,,,
PL,PL72,Świętokrzyskie,Świętokrzyskie,,,
PL,PL721,Kielecki,Kielecki,,,
PL,PL722,Sandomiersko-jędrzejowski,Sandomiersko-jędrzejowski,,,
PL,PL8,Makroregion wschodni,Makroregion wschodni,,,
PL,PL81,Lubelskie,Lubelskie,,,
PL,PL811,Bialski,Bialski,,,
PL,PL812,Chełmsko-zamojski,Chełmsko-zamojski,,,
PL,PL814,Lubelski,Lubelski,,,
PL,PL815,Puławski,Puławski,,,
PL,PL82,Podkarpackie,Podkarpackie,,,
PL,PL821,Krośnieński,Krośnieński,,,
PL,PL822,Przemyski,Przemyski,,,
PL,PL823,Rzeszowski,Rzeszowski,,,
PL,PL824,Tarnobrzeski,Tarnobrzeski,,,
PL,PL84,Podlaskie,Podlaskie,,,
PL,PL841,Białostocki,Białostocki,,,
PL,PL842,Łomżyński,Łomżyński,,,
PL,PL843,Suwalski,Suwalski,,,
PL,PL9,Makroregion województwo mazowieckie,Makroregion województwo mazowieckie,,,
PL,PL91,Warszawski stołeczny,Warszawski stołeczny,,,
PL,PL911,Miasto Warszawa,Miasto Warszawa,,,
PL,PL912,Warszawski wschodni,Warszawski wschodni,,,
PL,PL913,Warszawski zachodni,Warszawski zachodni,,,
PL,PL92,Mazowiecki regionalny,Mazowiecki regionalny,,,
PL,PL921,Radomski,Radomski,,,
PL,PL922,Ciechanowski,Ciechanowski,,,
PL,PL923,Płocki,Płocki,,,
PL,PL924,Ostrołęcki,Ostrołęcki,,,
PL,PL925,Siedlecki,Siedlecki,,,
PL,PL926,Żyrardowski,Żyrardowski,,,
PT,PT,Portugal,Portugal,,,
PT,PT1,Continente,Continente,,,
PT,PT11,Norte,Norte,,,
PT,PT111,Alto Minho,Alto Minho,,,
PT,PT112,Cávado,Cávado,,,
PT,PT119,Ave,Ave,,,
PT,PT11A,Área Metropolitana do Porto,Área Metropolitana do Porto,,,
PT,PT11B,Alto Tâmega e Barroso,Alto Tâmega e Barroso,,,
PT,PT11C,Tâmega e Sousa,Tâmega e Sousa,,,
PT,PT11D,Douro,Douro,,,
PT,PT11E,Terras de Trás-os-Montes,Terras de Trás-os-Montes,,,
PT,PT15,Algarve,Algarve,,,
PT,PT150,Algarve,Algarve,,,
PT,PT19,Centro (PT),Centro (PT),,,
PT,PT191,Região de Aveiro,Região de Aveiro,,,
PT,PT192,Região de Coimbra,Região de Coimbra,,,
PT,PT193,Região de Leiria,Região de Leiria,,,
PT,PT194,Viseu Dão Lafões,Viseu Dão Lafões,,,
PT,PT195,Beira Baixa,Beira Baixa,,,
PT,PT196,Beiras e Serra da Estrela,Beiras e Serra da Estrela,,,
PT,PT1A,Grande Lisboa,Grande Lisboa,,,
PT,PT1A0,Grande Lisboa,Grande Lisboa,,,
PT,PT1B,Península de Setúbal,Península de Setúbal,,,
PT,PT1B0,Península de Setúbal,Península de Setúbal,,,
PT,PT1C,Alentejo,Alentejo,,,
PT,PT1C1,Alentejo Litoral,Alentejo Litoral,,,
PT,PT1C2,Baixo Alentejo,Baixo Alentejo,,,
PT,PT1C3,Alto Alentejo,Alto Alentejo,,,
PT,PT1C4,Alentejo Central,Alentejo Central,,,
PT,PT1D,Oeste e Vale do Tejo,Oeste e Vale do Tejo,,,
PT,PT1D1,Oeste,Oeste,,,
PT,PT1D2,Médio Tejo,Médio Tejo,,,
PT,PT1D3,Lezíria do Tejo,Lezíria do Tejo,,,
PT,PT2,Região Autónoma dos Açores,Região Autónoma dos Açores,,,
PT,PT20,Região Autónoma dos Açores,Região Autónoma dos Açores,,,
PT,PT200,Região Autónoma dos Açores,Região Autónoma dos Açores,,,
PT,PT3,Região Autónoma da Madeira,Região Autónoma da Madeira,,,
PT,PT30,Região Autónoma da Madeira,Região Autónoma da Madeira,,,
PT,PT300,Região Autónoma da Madeira,Região Autónoma da Madeira,,,
RO,RO,România,România,,,
RO,RO1,Macroregiunea Unu,Macroregiunea Unu,,,
RO,RO11,Nord-Vest,Nord-Vest,,,
RO,RO111,Bihor,Bihor,,,
RO,RO112,Bistriţa-Năsăud,Bistriţa-Năsăud,,,
RO,RO113,Cluj,Cluj,,,
RO,RO114,Maramureş,Maramureş,,,
RO,RO115,Satu Mare,Satu Mare,,,
RO,RO116,Sălaj,Sălaj,,,
RO,RO12,Centru,Centru,,,
RO,RO121,Alba,Alba,,,
RO,RO122,Braşov,Braşov,,,
RO,RO123,Covasna,Covasna,,,
RO,RO124,Harghita,Harghita,,,
RO,RO125,Mureş,Mureş,,,
RO,RO126,Sibiu,Sibiu,,,
RO,RO2,Macroregiunea Doi,Macroregiunea Doi,,,
RO,RO21,Nord-Est,Nord-Est,,,
RO,RO211,Bacău,Bacău,,,
RO,RO212,Botoşani,Botoşani,,,
RO,RO213,Iaşi,Iaşi,,,
RO,RO214,Neamţ,Neamţ,,,
RO,RO215,Suceava,Suceava,,,
RO,RO216,Vaslui,Vaslui,,,
RO,RO22,Sud-Est,Sud-Est,,,
RO,RO221,Brăila,Brăila,,,
RO,RO222,Buzău,Buzău,,,
RO,RO223,Constanţa,Constanţa,,,
RO,RO224,Galaţi,Galaţi,,,
RO,RO225,Tulcea,Tulcea,,,
RO,RO226,Vrancea,Vrancea,,,
RO,RO3,Macroregiunea Trei,Macroregiunea Trei,,,
RO,RO31,Sud-Muntenia,Sud-Muntenia,,,
RO,RO311,Argeş,Argeş,,,
RO,RO312,Călăraşi,Călăraşi,,,
RO,RO313,Dâmboviţa,Dâmboviţa,,,
RO,RO314,Giurgiu,Giurgiu,,,
RO,RO315,Ialomiţa,Ialomiţa,,,
RO,RO316,Prahova,Prahova,,,
RO,RO317,Teleorman,Teleorman,,,
RO,RO32,Bucureşti-Ilfov,Bucureşti-Ilfov,,,
RO,RO321,Bucureşti,Bucureşti,,,
RO,RO322,Ilfov,Ilfov,,,
RO,RO4,Macroregiunea Patru,Macroregiunea Patru,,,
RO,RO41,Sud-Vest Oltenia,Sud-Vest Oltenia,,,
RO,RO411,Dolj,Dolj,,,
RO,RO412,Gorj,Gorj,,,
RO,RO413,Mehedinţi,Mehedinţi,,,
RO,RO414,Olt,Olt,,,
RO,RO415,Vâlcea,Vâlcea,,,
RO,RO42,Vest,Vest,,,
RO,RO421,Arad,Arad,,,
RO,RO422,Caraş-Severin,Caraş-Severin,,,
RO,RO423,Hunedoara,Hunedoara,,,
RO,RO424,Timiş,Timiş,,,
SE,SE,Sverige,Sverige,,,
SE,SE1,Östra Sverige,Östra Sverige,,,
SE,SE11,Stockholm,Stockholm,,,
SE,SE110,Stockholms län,Stockholms län,,,
SE,SE12,Östra Mellansverige,Östra Mellansverige,,,
SE,SE121,Uppsala län,Uppsala län,,,
SE,SE122,Södermanlands län,Södermanlands län,,,
SE,SE123,Östergötlands län,Östergötlands län,,,
SE,SE124,Örebro län,Örebro län,,,
SE,SE125,Västmanlands län,Västmanlands län,,,
SE,SE2,Södra Sverige,Södra Sverige,,,
SE,SE21,Småland med öarna,Småland med öarna,,,
SE,SE211,Jönköpings län,Jönköpings län,,,
SE,SE212,Kronobergs län,Kronobergs län,,,
SE,SE213,Kalmar län,Kalmar län,,,
SE,SE214,Gotlands län,Gotlands län,,,
SE,SE22,Sydsverige,Sydsverige,,,
SE,SE221,Blekinge län,Blekinge län,,,
SE,SE224,Skåne län,Skåne län,,,
SE,SE23,Västsverige,Västsverige,,,
SE,SE231,Hallands län,Hallands län,,,
SE,SE232,Västra Götalands län,Västra Götalands län,,,
SE,SE3,Norra Sverige,Norra Sverige,,,
SE,SE31,Norra Mellansverige,Norra Mellansverige,,,
SE,SE311,Värmlands län,Värmlands län,,,
SE,SE312,Dalarnas län,Dalarnas län,,,
SE,SE313,Gävleborgs län,Gävleborgs län,,,
SE,SE32,Mellersta Norrland,Mellersta Norrland,,,
SE,SE321,Västernorrlands län,Västernorrlands län,,,
SE,SE322,Jämtlands län,Jämtlands län,,,
SE,SE33,Övre Norrland,Övre Norrland,,,
SE,SE331,Västerbottens län,Västerbottens län,,,
SE,SE332,Norrbottens län,Norrbottens län,,,
SI,SI,Slovenija,Slovenija,,,
SI,SI0,Slovenija,Slovenija,,,
SI,SI03,Vzhodna Slovenija,Vzhodna Slovenija,,,
SI,SI031,Pomurska,Pomurska,,,
SI,SI032,Podravska,Podravska,,,
SI,SI033,Koroška,Koroška,,,
SI,SI034,Savinjska,Savinjska,,,
SI,SI035,Zasavska,Zasavska,,,
SI,SI036,Posavska,Posavska,,,
SI,SI037,Jugovzhodna Slovenija,Jugovzhodna Slovenija,,,
SI,SI038,Primorsko-notranjska,Primorsko-notranjska,,,
SI,SI04,Zahodna Slovenija,Zahodna Slovenija,,,
SI,SI041,Osrednjeslovenska,Osrednjeslovenska,,,
SI,SI042,Gorenjska,Gorenjska,,,
SI,SI043,Goriška,Goriška,,,
SI,SI044,Obalno-kraška,Obalno-kraška,,,
SK,SK,Slovensko,Slovensko,,,
SK,SK0,Slovensko,Slovensko,,,
SK,SK01,Bratislavský kraj,Bratislavský kraj,,,
SK,SK010,Bratislavský kraj,Bratislavský kraj,,,
SK,SK02,Západné Slovensko,Západné Slovensko,,,
SK,SK021,Trnavský kraj,Trnavský kraj,,,
SK,SK022,Trenčiansky kraj,Trenčiansky kraj,,,
SK,SK023,Nitriansky kraj,Nitriansky kraj,,,
SK,SK03,Stredné Slovensko,Stredné Slovensko,,,
SK,SK031,Žilinský kraj,Žilinský kraj,,,
SK,SK032,Banskobystrický kraj,Banskobystrický kraj,,,
SK,SK04,Východné Slovensko,Východné Slovensko,,,
SK,SK041,Prešovský kraj,Prešovský kraj,,,
SK,SK042,Košický kraj,Košický kraj,,,
CH,CH,Schweiz/Suisse/Svizzera,Schweiz/Suisse/Svizzera,,,
CH,CH0,Schweiz/Suisse/Svizzera,Schweiz/Suisse/Svizzera,,,
CH,CH01,Région lémanique,Région lémanique,,,
CH,CH011,Vaud,Vaud,,,
CH,CH012,Valais / Wallis,Valais / Wallis,,,
CH,CH013,Genève,Genève,,,
UA,UA324,Melitopolskyi Raion,Мелітопольський Район,,,
UA,UA325,Polohivskyi Raion,Пологівський Район,,,
UA,UA33,Kirovohradska Oblast,Кіровоградська Область,,,
UA,UA331,Holovanivskyi Raion,Голованівський Район,,,
UA,UA332,Kropyvnytskyi Raion,Кропивницький Район,,,
UA,UA333,Novoukrainskyi Raion,Новоукраїнський Район,,,
UA,UA334,Oleksandriiskyi Raion,Олександрійський Район,,,
UA,UA4,Macroregion_04,Макрорегіон_04,,,
UA,UA41,Mykolaivska Oblast,Миколаївська Область,,,
UA,UA411,Bashtanskyi Raion,Баштанський Район,,,
UA,UA412,Voznesenskyi Raion,Вознесенський Район,,,
UA,UA413,Mykolaivskyi Raion,Миколаївський Район,,,
UA,UA414,Pervomaiskyi Raion,Первомайський Район,,,
UA,UA42,Odeska Oblast,Одеська Область,,,
UA,UA421,Berezivskyi Raion,Березівський Район,,,
UA,UA422,Bilhorod-Dnistrovskyi Raion,Білгород-Дністровський Район,,,
UA,UA423,Bolhradskyi Raion,Болградський Район,,,
UA,UA424,Izmailskyi Raion,Ізмаїльський Район,,,
UA,UA425,Odeskyi Raion,Одеський Район,,,
UA,UA426,Podilskyi Raion,Подільський Район,,,
UA,UA427,Rozdilnianskyi Raion,Роздільнянський Район,,,
UA,UA43,Khersonska Oblast,Херсонська Область,,,
UA,UA431,Beryslavskyi Raion,Бериславський Район,,,
UA,UA432,Henicheskyi Raion,Генічеський Район,,,
UA,UA433,Kakhovskyi Raion,Каховський Район,,,
UA,UA434,Skadovskyi Raion,Скадовський Район,,,
UA,UA435,Khersonskyi Raion,Херсонський Район,,,
UA,UA44,Avtonomna Respublika Krym,Ар Крим,,,
UA,UA441,Bakhchysaraiskyi Raion,Бахчисарайський Район,,,
UA,UA442,Bilohirskyi Raion,Білогірський Район,,,
UA,UA443,Dzhankoiskyi Raion,Джанкойський Район,,,
UA,UA444,Ievpatoriiskyi Raion,Євпаторійський Район,,,
UA,UA445,Kerchenskyi Raion,Керченський Район,,,
UA,UA446,Kurmanskyi Raion,Курманський Район,,,
UA,UA447,Perekopskyi Raion,Перекопський Район,,,
UA,UA448,Simferopolskyi Raion,Сімферопольський Район,,,
UA,UA449,Feodosiiskyi Raion,Феодосійський Район,,,
UA,UA44A,Ialtynskyi Raion,Ялтинський Район,,,
UA,UA45,M. Sevastopol,М. Севастополь,,,
UA,UA450,M. Sevastopol,М. Севастополь,,,
UA,UA5,Macroregion_05,Макрорегіон_05,,,
UA,UA51,Vinnytska Oblast,Вінницька Область,,,
UA,UA511,Vinnytskyi Raion,Вінницький Район,,,
UA,UA512,Haisynskyi Raion,Гайсинський Район,,,
UA,UA513,Zhmerynskyi Raion,Жмеринський Район,,,
UA,UA514,Mohyliv-Podilskyi Raion,Могилів-Подільський Район,,,
UA,UA515,Tulchynskyi Raion,Тульчинський Район,,,
UA,UA516,Khmilnytskyi Raion,Хмільницький Район,,,
UA,UA52,Ternopilska Oblast,Тернопільська Область,,,
UA,UA521,Kremenetskyi Raion,Кременецький Район,,,
UA,UA522,Ternopilskyi Raion,Тернопільський Район,,,
UA,UA523,Chortkivskyi Raion,Чортківський Район,,,
UA,UA53,Khmelnytska Oblast,Хмельницька Область,,,
UA,UA531,Kamianets-Podilskyi Raion,Кам'Янець-Подільський Район,,,
UA,UA532,Khmelnytskyi Raion,Хмельницький Район,,,
UA,UA533,Shepetivskyi Raion,Шепетівський Район,,,
UA,UA6,Macroregion_06,Макрорегіон_06,,,
UA,UA61,Kyivska Oblast,Київська  Область,,,
UA,UA611,Bilotserkivskyi Raion,Білоцерківський Район,,,
UA,UA612,Boryspilskyi Raion,Бориспільський Район,,,
UA,UA613,Brovarskyi Raion,Броварський Район,,,
UA,UA614,Buchanskyi Raion,Бучанський Район,,,
UA,UA615,Vyshhorodskyi Raion,Вишгородський Район,,,
UA,UA616,Obukhivskyi Raion,Обухівський Район,,,
UA,UA617,Fastivskyi Raion,Фастівський Район,,,
UA,UA62,Cherkaska Oblast,Черкаська  Область,,,
UA,UA621,Zvenyhorodskyi Raion,Звенигородський Район,,,
UA,UA622,Zolotoniskyi Raion,Золотоніський Район,,,
UA,UA623,Umanskyi Raion,Уманський Район,,,
UA,UA624,Cherkaskyi Raion,Черкаський Район,,,
UA,UA63,M. Kyiv,М. Київ ,,,
UA,UA630,M. Kyiv,М. Київ,,,
UA,UA7,Macroregion_07,Макрорегіон_07,,,
UA,UA71,Zakarpatska Oblast,Закарпатська Область,,,
UA,UA711,Berehivskyi Raion,Берегівський Район,,,
UA,UA712,Mukachivskyi Raion,Мукачівський Район,,,
UA,UA713,Rakhivskyi Raion,Рахівський Район,,,
UA,UA714,Tiachivskyi Raion,Тячівський Район,,,
UA,UA715,Uzhhorodskyi Raion,Ужгородський Район,,,
UA,UA716,Khustskyi Raion,Хустський Район,,,
UA,UA72,Ivano-Frankivska Oblast,Івано-Франківська Область,,,
UA,UA721,Verkhovynskyi Raion,Верховинський Район,,,
UA,UA722,Ivano-Frankivskyi Raion,Івано-Франківський Район,,,
UA,UA723,Kaluskyi Raion,Калуський Район,,,
UA,UA724,Kolomyiskyi Raion,Коломийський Район,,,
UA,UA725,Kosivskyi Raion,Косівський Район,,,
UA,UA726,Nadvirnianskyi Raion,Надвірнянський Район,,,
UA,UA73,Lvivska Oblast,Львівська Область,,,
UA,UA731,Drohobytskyi Raion,Дрогобицький Район,,,
UA,UA732,Zolochivskyi Raion,Золочівський Район,,,
UA,UA733,Lvivskyi Raion,Львівський Район,,,
UA,UA734,Sambirskyi Raion,Самбірський Район,,,
UA,UA735,Stryiskyi Raion,Стрийський Район,,,
UA,UA736,Chervonohradskyi Raion,Червоноградський Район,,,
UA,UA737,Iavorivskyi Raion,Яворівський Район,,,
UA,UA74,Chernivetska Oblast,Чернівецька Область,,,
UA,UA741,Vyzhnytskyi Raion,Вижницький Район,,,
UA,UA742,Dnistrovskyi Raion,Дністровський Район,,,
UA,UA743,Chernivetskyi Raion,Чернівецький Район,,,
UA,UA8,Macroregion_08,Макрорегіон_08,,,
UA,UA81,Volynska Oblast,Волинська Область,,,
UA,UA811,Volodymyrskyi Raion,Володимирський Район,,,
UA,UA812,Kamin-Kashyrskyi Raion,Камінь-Каширський Район,,,
UA,UA813,Kovelskyi Raion,Ковельський Район,,,
UA,UA814,Lutskyi Raion,Луцький Район,,,
UA,UA82,Zhytomyrska Oblast,Житомирська Область,,,
UA,UA821,Berdychivskyi Raion,Бердичівський Район,,,
UA,UA822,Zhytomyrskyi Raion,Житомирський Район,,,
UA,UA823,Korostenskyi Raion,Коростенський Район,,,
UA,UA824,Zviahelskyi Raion,Звягельський Район,,,
UA,UA83,Rivnenska Oblast,Рівненська Область,,,
UA,UA831,Varaskyi Raion,Вараський Район,,,
UA,UA832,Dubenskyi Raion,Дубенський Район,,,
UA,UA833,Rivnenskyi Raion,Рівненський Район,,,
UA,UA834,Sarnenskyi Raion,Сарненський Район,,,
UA,UA,Ukraina,Україна,,,
CH,CH02,Espace Mittelland,Espace Mittelland,,,
CH,CH021,Bern / Berne,Bern / Berne,,,
CH,CH022,Fribourg / Freiburg,Fribourg / Freiburg,,,
CH,CH023,Solothurn,Solothurn,,,
CH,CH024,Neuchâtel,Neuchâtel,,,
CH,CH025,Jura,Jura,,,
CH,CH03,Nordwestschweiz,Nordwestschweiz,,,
CH,CH031,Basel-Stadt,Basel-Stadt,,,
CH,CH032,Basel-Landschaft,Basel-Landschaft,,,
CH,CH033,Aargau,Aargau,,,
CH,CH04,Zürich,Zürich,,,
CH,CH040,Zürich,Zürich,,,
CH,CH05,Ostschweiz,Ostschweiz,,,
CH,CH051,Glarus,Glarus,,,
CH,CH052,Schaffhausen,Schaffhausen,,,
CH,CH053,Appenzell Ausserrhoden,Appenzell Ausserrhoden,,,
CH,CH054,Appenzell Innerrhoden,Appenzell Innerrhoden,,,
CH,CH055,St. Gallen,St. Gallen,,,
CH,CH056,Graubünden / Grigioni / Grischun,Graubünden / Grigioni / Grischun,,,
CH,CH057,Thurgau,Thurgau,,,
CH,CH06,Zentralschweiz,Zentralschweiz,,,
CH,CH061,Luzern,Luzern,,,
CH,CH062,Uri,Uri,,,
CH,CH063,Schwyz,Schwyz,,,
CH,CH064,Obwalden,Obwalden,,,
CH,CH065,Nidwalden,Nidwalden,,,
CH,CH066,Zug,Zug,,,
CH,CH07,Ticino,Ticino,,,
CH,CH070,Ticino,Ticino,,,
IS,IS,Ísland,Ísland,,,
IS,IS0,Ísland,Ísland,,,
IS,IS00,Ísland,Ísland,,,
IS,IS001,Höfuðborgarsvæði,Höfuðborgarsvæði,,,
IS,IS002,Landsbyggð,Landsbyggð,,,
LI,LI,Liechtenstein,Liechtenstein,,,
LI,LI0,Liechtenstein,Liechtenstein,,,
LI,LI00,Liechtenstein,Liechtenstein,,,
LI,LI000,Liechtenstein,Liechtenstein,,,
NO,NO,Norge,Norge,,,
AL,AL,Shqipëria,Shqipëria,,,
AL,AL0,Shqipëria,Shqipëria,,,
AL,AL01,Veri,Veri,,,
AL,AL011,Dibër,Dibër,,,
AL,AL012,Durrës,Durrës,,,
AL,AL013,Kukës,Kukës,,,
AL,AL014,Lezhë,Lezhë,,,
AL,AL015,Shkodër,Shkodër,,,
AL,AL02,Qender,Qender,,,
AL,AL021,Elbasan,Elbasan,,,
AL,AL022,Tiranë,Tiranë,,,
AL,AL03,Jug,Jug,,,
AL,AL031,Berat,Berat,,,
AL,AL032,Fier,Fier,,,
AL,AL033,Gjirokastër,Gjirokastër,,,
AL,AL034,Korcë,Korcë,,,
AL,AL035,Vlorë,Vlorë,,,
ME,ME,Crna Gora,Црна Гора ,,,
ME,ME0,Crna Gora,Црна Гора ,,,
ME,ME00,Crna Gora,Црна Гора,,,
ME,ME000,Crna Gora,Црна Гора,,,
MK,MK,Severna Makedonija ,Северна Македонија,,,
MK,MK0,Severna Makedonija ,Северна Македонија,,,
MK,MK00,Severna Makedonija ,Северна Македонија,,,
MK,MK001,Vardarski,Вардарски,,,
MK,MK002,Istočen,Источен,,,
MK,MK003,Jugozapaden,Југозападен,,,
MK,MK004,Jugoistočen,Југоисточен,,,
MK,MK005,Pelagoniski,Пелагониски,,,
MK,MK006,Pološki,Полошки,,,
MK,MK007,Severoistočen,Североисточен,,,
MK,MK008,Skopski,Скопски,,,
NO,NO0,Norge,Norge,,,
NO,NO02,Innlandet,Innlandet,,,
NO,NO020,Innlandet,Innlandet,,,
NO,NO06,Trøndelag/Trööndelage,Trøndelag/Trööndelage,,,
NO,NO060,Trøndelag/Trööndelage,Trøndelag/Trööndelage,,,
NO,NO07,Nord-Norge,Nord-Norge,,,
NO,NO071,Nordland/Nordlánnda,Nordland/Nordlánnda,,,
NO,NO072,Troms/Romsa/Tromssa,Troms/Romsa/Tromssa,,,
NO,NO073,Finnmark/Finnmárku/Finmarkku,Finnmark/Finnmárku/Finmarkku,,,
NO,NO08,Oslo og Viken,Oslo og Viken,,,
NO,NO081,Oslo,Oslo,,,
NO,NO083,Østfold,Østfold,,,
NO,NO084,Akershus,Akershus,,,
NO,NO085,Buskerud,Buskerud,,,
NO,NO09,Agder og Sør-Østlandet,Agder og Sør-Østlandet,,,
NO,NO092,Agder,Agder,,,
NO,NO093,Vestfold,Vestfold,,,
NO,NO094,Telemark,Telemark,,,
NO,NO0A,Vestlandet,Vestlandet,,,
NO,NO0A1,Rogaland,Rogaland,,,
NO,NO0A2,Vestland,Vestland,,,
NO,NO0A3,Møre og Romsdal,Møre og Romsdal,,,
NO,NO0B,Svalbard og Jan Mayen,Svalbard og Jan Mayen,,,
NO,NO0B1,Jan Mayen,Jan Mayen,,,
NO,NO0B2,Svalbard,Svalbard,,,
RS,RS,Serbia,Srbija/Сpбија,,,
RS,RS1,Serbia - sever,Србија - север ,,,
RS,RS11,City of Belgrade,Београдски регион,,,
RS,RS110,City of Belgrade,Београдска област,,,
RS,RS12,Autonomous Province of Vojvodina,Регион Војводине,,,
RS,RS121,Zapadnobačka oblast ,Западнобачка област,,,
RS,RS122,Južnobanatska oblast,Јужнобанатска област,,,
RS,RS123,Južnobačka oblast,Јужнобачка област,,,
RS,RS124,Severnobanatska oblast,Севернобанатска област,,,
RS,RS125,Severnobačka oblast,Севернобачка област,,,
RS,RS126,Srednjobanatska oblast,Средњобанатска област,,,
RS,RS127,Sremska oblast,Сремска област,,,
RS,RS2,Serbia - jug ,Србија - југ ,,,
RS,RS21,Region Šumadije i Zapadne Srbije,Регион Шумадије и Западне Србије,,,
RS,RS211,Zlatiborska oblast,Златиборска област,,,
RS,RS212,Kolubarska oblast,Колубарска област,,,
RS,RS213,Mačvanska oblast,Мачванска област,,,
RS,RS214,Moravička oblast,Моравичка област,,,
RS,RS215,Pomoravska oblast,Поморавска област,,,
RS,RS216,Rasinska oblast,Расинска област,,,
RS,RS217,Raška oblast,Рашка област,,,
RS,RS218,Šumadijska oblast,Шумадијска област,,,
RS,RS22,Region Južne i Istočne Srbije,Регион Јужне и Источне Србије,,,
RS,RS221,Borska oblast,Борска област,,,
RS,RS222,Braničevska oblast,Браничевска област,,,
RS,RS223,Zaječarska oblast,Зајечарска област,,,
RS,RS224,Jablanička oblast,Јабланичка област,,,
RS,RS225,Nišavska oblast,Нишавска област,,,
RS,RS226,Pirotska oblast,Пиротска област,,,
RS,RS227,Podunavska oblast,Подунавска област,,,
RS,RS228,Pčinjska oblast,Пчињска област,,,
RS,RS229,Toplička oblast,Топличка област,,,
TR,TR,Türkiye,Türkiye,,,
TR,TR1,İstanbul,İstanbul,,,
TR,TR10,İstanbul,İstanbul,,,
TR,TR100,İstanbul,İstanbul,,,
TR,TR2,Batı Marmara,Batı Marmara,,,
TR,TR21,"Tekirdağ, Edirne, Kırklareli","Tekirdağ, Edirne, Kırklareli",,,
TR,TR211,Tekirdağ,Tekirdağ,,,
TR,TR212,Edirne,Edirne,,,
TR,TR213,Kırklareli,Kırklareli,,,
TR,TR22,"Balıkesir, Çanakkale","Balıkesir, Çanakkale",,,
TR,TR221,Balıkesir,Balıkesir,,,
TR,TR222,Çanakkale,Çanakkale,,,
TR,TR3,Ege,Ege,,,
TR,TR31,İzmir,İzmir,,,
TR,TR310,İzmir,İzmir,,,
TR,TR32,"Aydın, Denizli, Muğla","Aydın, Denizli, Muğla",,,
TR,TR321,Aydın,Aydın,,,
TR,TR322,Denizli,Denizli,,,
TR,TR323,Muğla,Muğla,,,
TR,TR33,"Manisa, Afyonkarahisar, Kütahya, Uşak","Manisa, Afyonkarahisar, Kütahya, Uşak",,,
TR,TR331,Manisa,Manisa,,,
TR,TR332,Afyonkarahisar,Afyonkarahisar,,,
TR,TR333,Kütahya,Kütahya,,,
TR,TR334,Uşak,Uşak,,,
TR,TR4,Doğu Marmara,Doğu Marmara,,,
TR,TR41,"Bursa, Eskişehir, Bilecik","Bursa, Eskişehir, Bilecik",,,
TR,TR411,Bursa,Bursa,,,
TR,TR412,Eskişehir,Eskişehir,,,
TR,TR413,Bilecik,Bilecik,,,
TR,TR42,"Kocaeli, Sakarya, Düzce, Bolu, Yalova","Kocaeli, Sakarya, Düzce, Bolu, Yalova",,,
TR,TR421,Kocaeli,Kocaeli,,,
TR,TR422,Sakarya,Sakarya,,,
TR,TR423,Düzce,Düzce,,,
TR,TR424,Bolu,Bolu,,,
TR,TR425,Yalova,Yalova,,,
TR,TR5,Batı Anadolu,Batı Anadolu,,,
TR,TR51,Ankara,Ankara,,,
TR,TR510,Ankara,Ankara,,,
TR,TR52,"Konya, Karaman","Konya, Karaman",,,
TR,TR521,Konya,Konya,,,
TR,TR522,Karaman,Karaman,,,
TR,TR6,Akdeniz,Akdeniz,,,
TR,TR61,"Antalya, Isparta, Burdur","Antalya, Isparta, Burdur",,,
TR,TR611,Antalya,Antalya,,,
TR,TR612,Isparta,Isparta,,,
TR,TR613,Burdur,Burdur,,,
TR,TR62,"Adana, Mersin","Adana, Mersin",,,
TR,TR621,Adana,Adana,,,
TR,TR622,Mersin,Mersin,,,
TR,TR63,"Hatay, Kahramanmaraş, Osmaniye","Hatay, Kahramanmaraş, Osmaniye",,,
TR,TR631,Hatay,Hatay,,,
TR,TR632,Kahramanmaraş,Kahramanmaraş,,,
TR,TR633,Osmaniye,Osmaniye,,,
TR,TR7,Orta Anadolu,Orta Anadolu,,,
TR,TR71,"Kırıkkale, Aksaray, Niğde, Nevşehir, Kırşehir","Kırıkkale, Aksaray, Niğde, Nevşehir, Kırşehir",,,
TR,TR711,Kırıkkale,Kırıkkale,,,
TR,TR712,Aksaray,Aksaray,,,
TR,TR713,Niğde,Niğde,,,
TR,TR714,Nevşehir,Nevşehir,,,
TR,TR715,Kırşehir,Kırşehir,,,
TR,TR72,"Kayseri, Sivas, Yozgat","Kayseri, Sivas, Yozgat",,,
TR,TR721,Kayseri,Kayseri,,,
TR,TR722,Sivas,Sivas,,,
TR,TR723,Yozgat,Yozgat,,,
TR,TR8,Batı Karadeniz,Batı Karadeniz,,,
TR,TR81,"Zonguldak, Karabük, Bartın","Zonguldak, Karabük, Bartın",,,
TR,TR811,Zonguldak,Zonguldak,,,
TR,TR812,Karabük,Karabük,,,
TR,TR813,Bartın,Bartın,,,
TR,TR82,"Kastamonu, Çankırı, Sinop","Kastamonu, Çankırı, Sinop",,,
TR,TR821,Kastamonu,Kastamonu,,,
TR,TR822,Çankırı,Çankırı,,,
TR,TR823,Sinop,Sinop,,,
TR,TR83,"Samsun, Tokat, Çorum, Amasya","Samsun, Tokat, Çorum, Amasya",,,
TR,TR831,Samsun,Samsun,,,
TR,TR832,Tokat,Tokat,,,
TR,TR833,Çorum,Çorum,,,
TR,TR834,Amasya,Amasya,,,
TR,TR9,Doğu Karadeniz,Doğu Karadeniz,,,
TR,TR90,"Trabzon, Ordu, Giresun, Rize, Artvin, Gümüşhane","Trabzon, Ordu, Giresun, Rize, Artvin, Gümüşhane",,,
TR,TR901,Trabzon,Trabzon,,,
TR,TR902,Ordu,Ordu,,,
TR,TR903,Giresun,Giresun,,,
TR,TR904,Rize,Rize,,,
TR,TR905,Artvin,Artvin,,,
TR,TR906,Gümüşhane,Gümüşhane,,,
TR,TRA,Kuzeydoğu Anadolu,Kuzeydoğu Anadolu,,,
TR,TRA1,"Erzurum, Erzincan, Bayburt","Erzurum, Erzincan, Bayburt",,,
TR,TRA11,Erzurum,Erzurum,,,
TR,TRA12,Erzincan,Erzincan,,,
TR,TRA13,Bayburt,Bayburt,,,
TR,TRA2,"Ağrı, Kars, Iğdır, Ardahan","Ağrı, Kars, Iğdır, Ardahan",,,
TR,TRA21,Ağrı,Ağrı,,,
TR,TRA22,Kars,Kars,,,
TR,TRA23,Iğdır,Iğdır,,,
TR,TRA24,Ardahan,Ardahan,,,
TR,TRB,Ortadoğu Anadolu,Ortadoğu Anadolu,,,
TR,TRB1,"Malatya, Elazığ, Bingöl, Tunceli","Malatya, Elazığ, Bingöl, Tunceli",,,
TR,TRB11,Malatya,Malatya,,,
TR,TRB12,Elazığ,Elazığ,,,
TR,TRB13,Bingöl,Bingöl,,,
TR,TRB14,Tunceli,Tunceli,,,
TR,TRB2,"Van, Muş, Bitlis, Hakkari","Van, Muş, Bitlis, Hakkari",,,
TR,TRB21,Van,Van,,,
TR,TRB22,Muş,Muş,,,
TR,TRB23,Bitlis,Bitlis,,,
TR,TRB24,Hakkari,Hakkari,,,
TR,TRC,Güneydoğu Anadolu,Güneydoğu Anadolu,,,
TR,TRC1,"Gaziantep, Adıyaman, Kilis","Gaziantep, Adıyaman, Kilis",,,
TR,TRC11,Gaziantep,Gaziantep,,,
TR,TRC12,Adıyaman,Adıyaman,,,
TR,TRC13,Kilis,Kilis,,,
TR,TRC2,"Şanlıurfa, Diyarbakır","Şanlıurfa, Diyarbakır",,,
TR,TRC21,Şanlıurfa,Şanlıurfa,,,
TR,TRC22,Diyarbakır,Diyarbakır,,,
TR,TRC3,"Mardin, Batman, Şırnak, Siirt","Mardin, Batman, Şırnak, Siirt",,,
TR,TRC31,Mardin,Mardin,,,
TR,TRC32,Batman,Batman,,,
TR,TRC33,Şırnak,Şırnak,,,
TR,TRC34,Siirt,Siirt,,,
XK,XK,Kosovo*,Kosovo*,,,
XK,XK0,Kosovo,Kosovo,,,
XK,XK00,Kosovo,Kosovo,,,
XK,XK001,Prishtinë,Prishtinë,,,
XK,XK002,Mitrovicë,Mitrovicë,,,
XK,XK003,Pejë,Pejë,,,
XK,XK004,Prizren,Prizren,,,
XK,XK005,Ferizaj,Ferizaj,,,
XK,XK006,Gjilan,Gjilan,,,
XK,XK007,Gjakovë,Gjakovë,,,
UA,UA1,Macroregion_01,Макрорегіон_01,,,
UA,UA11,Poltavska Oblast,Полтавська Область,,,
UA,UA111,Kremenchutskyi Raion,Кременчуцький Район,,,
UA,UA112,Lubenskyi Raion,Лубенський Район,,,
UA,UA113,Myrhorodskyi Raion,Миргородський Район,,,
UA,UA114,Poltavskyi Raion,Полтавський Район,,,
UA,UA12,Sumska Oblast,Сумська Область,,,
UA,UA121,Konotopskyi Raion,Конотопський Район,,,
UA,UA122,Okhtyrskyi Raion,Охтирський Район,,,
UA,UA123,Romenskyi Raion,Роменський Район,,,
UA,UA124,Sumskyi Raion,Сумський Район,,,
UA,UA125,Shostkynskyi Raion,Шосткинський Район,,,
UA,UA13,Kharkivska Oblast,Харківська Область,,,
UA,UA131,Bohodukhivskyi Raion,Богодухівський Район,,,
UA,UA132,Iziumskyi Raion,Ізюмський Район,,,
UA,UA133,Krasnohradskyi Raion,Красноградський Район,,,
UA,UA134,Kupianskyi Raion,Куп'Янський Район,,,
UA,UA135,Lozivskyi Raion,Лозівський Район,,,
UA,UA136,Kharkivskyi Raion,Харківський Район,,,
UA,UA137,Chuhuivskyi Raion,Чугуївський Район,,,
UA,UA14,Chernihivska Oblast,Чернігівська Область,,,
UA,UA141,Koriukivskyi Raion,Корюківський Район,,,
UA,UA142,Nizhynskyi Raion,Ніжинський Район,,,
UA,UA143,Novhorod-Siverskyi Raion,Новгород-Сіверський Район,,,
UA,UA144,Prylutskyi Raion,Прилуцький Район,,,
UA,UA145,Chernihivskyi Raion,Чернігівський Район,,,
UA,UA2,Macroregion_02,Макрорегіон_02,,,
UA,UA21,Donetska Oblast,Донецька Область,,,
UA,UA211,Bakhmutskyi Raion,Бахмутський Район,,,
UA,UA212,Volnovaskyi Raion,Волноваський Район,,,
UA,UA213,Horlivskyi Raion,Горлівський Район,,,
UA,UA214,Donetskyi Raion,Донецький Район,,,
UA,UA215,Kalmiuskyi Raion,Кальміуський Район,,,
UA,UA216,Kramatorskyi Raion,Краматорський Район,,,
UA,UA217,Mariupolskyi Raion,Маріупольський Район,,,
UA,UA218,Pokrovskyi Raion,Покровський Район,,,
UA,UA22,Luhanska Oblast,Луганська Область,,,
UA,UA221,Alchevskyi Raion,Алчевський Район,,,
UA,UA222,Dovzhanskyi Raion,Довжанський Район,,,
UA,UA223,Luhanskyi Raion,Луганський Район,,,
UA,UA224,Rovenkivskyi Raion,Ровеньківський Район,,,
UA,UA225,Svativskyi Raion,Сватівський Район,,,
UA,UA226,Sievierodonetskyi Raion,Сєвєродонецький Район,,,
UA,UA227,Starobilskyi Raion,Старобільський Район,,,
UA,UA228,Shchastynskyi Raion,Щастинський Район,,,
UA,UA3,Macroregion_03,Макрорегіон_03,,,
UA,UA31,Dnipropetrovska Oblast,Дніпропетровська Область,,,
UA,UA311,Dniprovskyi Raion,Дніпровський Район,,,
UA,UA312,Kamianskyi Raion,Кам'Янський Район,,,
UA,UA313,Kryvorizkyi Raion,Криворізький Район,,,
UA,UA314,Nikopolskyi Raion,Нікопольський Район,,,
UA,UA315,Novomoskovskyi Raion,Новомосковський Район,,,
UA,UA316,Pavlohradskyi Raion,Павлоградський Район,,,
UA,UA317,Synelnykivskyi Raion,Синельниківський Район,,,
UA,UA32,Zaporizka Oblast,Запорізька Область,,,
UA,UA321,Berdianskyi Raion,Бердянський Район,,,
UA,UA322,Vasylivskyi Raion,Василівський Район,,,
UA,UA323,Zaporizkyi Raion,Запорізький Район,,,
ES,ES7,Canarias,Canarias,,,
ES,ES70,Canarias,Canarias,,,
ES,ES703,El Hierro,El Hierro,,,
ES,ES704,Fuerteventura,Fuerteventura,,,
ES,ES705,Gran Canaria,Gran Canaria,,,
ES,ES706,La Gomera,La Gomera,,,
ES,ES707,La Palma,La Palma,,,
ES,ES708,Lanzarote,Lanzarote,,,
ES,ES709,Tenerife,Tenerife,,,
FI,FI,Suomi/Finland,Suomi/Finland,,,
FI,FI1,Manner-Suomi,Manner-Suomi,,,
FI,FI19,Länsi-Suomi,Länsi-Suomi,,,
FI,FI196,Satakunta,Satakunta,,,
FI,FI198,Keski-Suomi,Keski-Suomi,,,
FI,FI199,Etelä-Pohjanmaa,Etelä-Pohjanmaa,,,
FI,FI19A,Pohjanmaa,Pohjanmaa,,,
FI,FI19B,Pirkanmaa,Pirkanmaa,,,
FI,FI1B,Helsinki-Uusimaa,Helsinki-Uusimaa,,,
FI,FI1B1,Helsinki-Uusimaa,Helsinki-Uusimaa,,,
FI,FI1C,Etelä-Suomi,Etelä-Suomi,,,
FI,FI1C1,Varsinais-Suomi,Varsinais-Suomi,,,
FI,FI1C2,Kanta-Häme,Kanta-Häme,,,
FI,FI1C5,Etelä-Karjala,Etelä-Karjala,,,
FI,FI1C6,Päijät-Häme,Päijät-Häme,,,
FI,FI1C7,Kymenlaakso,Kymenlaakso,,,
FI,FI1D,Pohjois- ja Itä-Suomi,Pohjois- ja Itä-Suomi,,,
FI,FI1D5,Keski-Pohjanmaa,Keski-Pohjanmaa,,,
FI,FI1D7,Lappi,Lappi,,,
FI,FI1D8,Kainuu,Kainuu,,,
FI,FI1D9,Pohjois-Pohjanmaa,Pohjois-Pohjanmaa,,,
FI,FI1DA,Etelä-Savo,Etelä-Savo,,,
FI,FI1DB,Pohjois-Savo,Pohjois-Savo,,,
FI,FI1DC,Pohjois-Karjala,Pohjois-Karjala,,,
FI,FI2,Åland,Åland,,,
FI,FI20,Åland,Åland,,,
FI,FI200,Åland,Åland,,,
FR,FR,France,France,,,
FR,FR1,Ile-de-France,Ile-de-France,,,
FR,FR10,Ile-de-France,Ile-de-France,,,
FR,FR101,Paris,Paris,,,
FR,FR102,Seine-et-Marne ,Seine-et-Marne ,,,
FR,FR103,Yvelines ,Yvelines ,,,
FR,FR104,Essonne,Essonne,,,
FR,FR105,Hauts-de-Seine ,Hauts-de-Seine ,,,
FR,FR106,Seine-Saint-Denis ,Seine-Saint-Denis ,,,
FR,FR107,Val-de-Marne,Val-de-Marne,,,
FR,FR108,Val-d’Oise,Val-d’Oise,,,
FR,FRB,Centre — Val de Loire,Centre — Val de Loire,,,
FR,FRB0,Centre — Val de Loire,Centre — Val de Loire,,,
FR,FRB01,Cher,Cher,,,
FR,FRB02,Eure-et-Loir,Eure-et-Loir,,,
FR,FRB03,Indre,Indre,,,
FR,FRB04,Indre-et-Loire,Indre-et-Loire,,,
FR,FRB05,Loir-et-Cher,Loir-et-Cher,,,
FR,FRB06,Loiret,Loiret,,,
FR,FRC,Bourgogne-Franche-Comté,Bourgogne-Franche-Comté,,,
FR,FRC1,Bourgogne,Bourgogne,,,
FR,FRC11,Côte-d’Or,Côte-d’Or,,,
FR,FRC12,Nièvre,Nièvre,,,
FR,FRC13,Saône-et-Loire,Saône-et-Loire,,,
FR,FRC14,Yonne,Yonne,,,
FR,FRC2,Franche-Comté,Franche-Comté,,,
FR,FRC21,Doubs,Doubs,,,
FR,FRC22,Jura,Jura,,,
FR,FRC23,Haute-Saône,Haute-Saône,,,
FR,FRC24,Territoire de Belfort,Territoire de Belfort,,,
FR,FRD,Normandie,Normandie,,,
FR,FRD1,Basse-Normandie ,Basse-Normandie ,,,
FR,FRD11,Calvados ,Calvados ,,,
FR,FRD12,Manche ,Manche ,,,
FR,FRD13,Orne,Orne,,,
FR,FRD2,Haute-Normandie ,Haute-Normandie ,,,
FR,FRD21,Eure,Eure,,,
FR,FRD22,Seine-Maritime,Seine-Maritime,,,
FR,FRE,Hauts-de-France,Hauts-de-France,,,
FR,FRE1,Nord-Pas de Calais,Nord-Pas de Calais,,,
FR,FRE11,Nord,Nord,,,
FR,FRE12,Pas-de-Calais,Pas-de-Calais,,,
FR,FRE2,Picardie,Picardie,,,
FR,FRE21,Aisne,Aisne,,,
FR,FRE22,Oise,Oise,,,
FR,FRE23,Somme,Somme,,,
FR,FRF,Grand Est,Grand Est,,,
FR,FRF1,Alsace,Alsace,,,
FR,FRF11,Bas-Rhin,Bas-Rhin,,,
FR,FRF12,Haut-Rhin,Haut-Rhin,,,
FR,FRF2,Champagne-Ardenne,Champagne-Ardenne,,,
FR,FRF21,Ardennes,Ardennes,,,
FR,FRF22,Aube,Aube,,,
FR,FRF23,Marne,Marne,,,
FR,FRF24,Haute-Marne,Haute-Marne,,,
FR,FRF3,Lorraine,Lorraine,,,
FR,FRF31,Meurthe-et-Moselle ,Meurthe-et-Moselle ,,,
FR,FRF32,Meuse ,Meuse ,,,
FR,FRF33,Moselle,Moselle,,,
FR,FRF34,Vosges,Vosges,,,
FR,FRG,Pays de la Loire,Pays de la Loire,,,
FR,FRG0,Pays de la Loire,Pays de la Loire,,,
FR,FRG01,Loire-Atlantique,Loire-Atlantique,,,
FR,FRG02,Maine-et-Loire,Maine-et-Loire,,,
FR,FRG03,Mayenne,Mayenne,,,
FR,FRG04,Sarthe,Sarthe,,,
FR,FRG05,Vendée,Vendée,,,
FR,FRH,Bretagne,Bretagne,,,
FR,FRH0,Bretagne,Bretagne,,,
FR,FRH01,Côtes-d’Armor,Côtes-d’Armor,,,
FR,FRH02,Finistère,Finistère,,,
FR,FRH03,Ille-et-Vilaine,Ille-et-Vilaine,,,
FR,FRH04,Morbihan,Morbihan,,,
FR,FRI,Nouvelle-Aquitaine,Nouvelle-Aquitaine,,,
FR,FRI1,Aquitaine,Aquitaine,,,
FR,FRI11,Dordogne,Dordogne,,,
FR,FRI12,Gironde,Gironde,,,
FR,FRI13,Landes,Landes,,,
FR,FRI14,Lot-et-Garonne,Lot-et-Garonne,,,
FR,FRI15,Pyrénées-Atlantiques,Pyrénées-Atlantiques,,,
FR,FRI2,Limousin,Limousin,,,
FR,FRI21,Corrèze,Corrèze,,,
FR,FRI22,Creuse,Creuse,,,
FR,FRI23,Haute-Vienne,Haute-Vienne,,,
FR,FRI3,Poitou-Charentes,Poitou-Charentes,,,
FR,FRI31,Charente,Charente,,,
FR,FRI32,Charente-Maritime,Charente-Maritime,,,
FR,FRI33,Deux-Sèvres,Deux-Sèvres,,,
FR,FRI34,Vienne,Vienne,,,
FR,FRJ,Occitanie,Occitanie,,,
FR,FRJ1,Languedoc-Roussillon,Languedoc-Roussillon,,,
FR,FRJ11,Aude,Aude,,,
FR,FRJ12,Gard,Gard,,,
FR,FRJ13,Hérault,Hérault,,,
FR,FRJ14,Lozère,Lozère,,,
FR,FRJ15,Pyrénées-Orientales,Pyrénées-Orientales,,,
FR,FRJ2,Midi-Pyrénées,Midi-Pyrénées,,,
FR,FRJ21,Ariège,Ariège,,,
FR,FRJ22,Aveyron,Aveyron,,,
FR,FRJ23,Haute-Garonne,Haute-Garonne,,,
FR,FRJ24,Gers,Gers,,,
FR,FRJ25,Lot,Lot,,,
FR,FRJ26,Hautes-Pyrénées ,Hautes-Pyrénées ,,,
FR,FRJ27,Tarn,Tarn,,,
FR,FRJ28,Tarn-et-Garonne,Tarn-et-Garonne,,,
FR,FRK,Auvergne-Rhône-Alpes,Auvergne-Rhône-Alpes,,,
FR,FRK1,Auvergne,Auvergne,,,
FR,FRK11,Allier,Allier,,,
FR,FRK12,Cantal,Cantal,,,
FR,FRK13,Haute-Loire,Haute-Loire,,,
FR,FRK14,Puy-de-Dôme,Puy-de-Dôme,,,
FR,FRK2,Rhône-Alpes,Rhône-Alpes,,,
FR,FRK21,Ain,Ain,,,
FR,FRK22,Ardèche,Ardèche,,,
FR,FRK23,Drôme,Drôme,,,
FR,FRK24,Isère,Isère,,,
FR,FRK25,Loire,Loire,,,
FR,FRK26,Rhône,Rhône,,,
FR,FRK27,Savoie,Savoie,,,
FR,FRK28,Haute-Savoie,Haute-Savoie,,,
FR,FRL,Provence-Alpes-Côte d’Azur,Provence-Alpes-Côte d’Azur,,,
FR,FRL0,Provence-Alpes-Côte d’Azur,Provence-Alpes-Côte d’Azur,,,
FR,FRL01,Alpes-de-Haute-Provence,Alpes-de-Haute-Provence,,,
FR,FRL02,Hautes-Alpes ,Hautes-Alpes ,,,
FR,FRL03,Alpes-Maritimes,Alpes-Maritimes,,,
FR,FRL04,Bouches-du-Rhône,Bouches-du-Rhône,,,
FR,FRL05,Var,Var,,,
FR,FRL06,Vaucluse,Vaucluse,,,
FR,FRM,Corse,Corse,,,
FR,FRM0,Corse,Corse,,,
FR,FRM01,Corse-du-Sud,Corse-du-Sud,,,
FR,FRM02,Haute-Corse,Haute-Corse,,,
FR,FRY,RUP FR — Régions Ultrapériphériques Françaises,RUP FR — Régions Ultrapériphériques Françaises,,,
FR,FRY1,Guadeloupe,Guadeloupe,,,
FR,FRY10,Guadeloupe,Guadeloupe,,,
FR,FRY2,Martinique ,Martinique ,,,
FR,FRY20,Martinique ,Martinique ,,,
FR,FRY3,Guyane,Guyane,,,
FR,FRY30,Guyane,Guyane,,,
FR,FRY4,La Réunion ,La Réunion ,,,
FR,FRY40,La Réunion,La Réunion,,,
FR,FRY5,Mayotte,Mayotte,,,
FR,FRY50,Mayotte ,Mayotte ,,,
HR,HR,Hrvatska,Hrvatska,,,
HR,HR0,Hrvatska,Hrvatska,,,
HR,HR02,Panonska Hrvatska,Panonska Hrvatska,,,
HR,HR021,Bjelovarsko-bilogorska županija,Bjelovarsko-bilogorska županija,,,
HR,HR022,Virovitičko-podravska županija,Virovitičko-podravska županija,,,
HR,HR023,Požeško-slavonska županija,Požeško-slavonska županija,,,
HR,HR024,Brodsko-posavska županija,Brodsko-posavska županija,,,
HR,HR025,Osječko-baranjska županija,Osječko-baranjska županija,,,
HR,HR026,Vukovarsko-srijemska županija,Vukovarsko-srijemska županija,,,
HR,HR027,Karlovačka županija,Karlovačka županija,,,
HR,HR028,Sisačko-moslavačka županija,Sisačko-moslavačka županija,,,
HR,HR03,Jadranska Hrvatska,Jadranska Hrvatska,,,
HR,HR031,Primorsko-goranska županija,Primorsko-goranska županija,,,
HR,HR032,Ličko-senjska županija,Ličko-senjska županija,,,
HR,HR033,Zadarska županija,Zadarska županija,,,
HR,HR034,Šibensko-kninska županija,Šibensko-kninska županija,,,
HR,HR035,Splitsko-dalmatinska županija,Splitsko-dalmatinska županija,,,
HR,HR036,Istarska županija,Istarska županija,,,
HR,HR037,Dubrovačko-neretvanska županija,Dubrovačko-neretvanska županija,,,
HR,HR05,Grad Zagreb,Grad Zagreb,,,
HR,HR050,Grad Zagreb,Grad Zagreb,,,
HR,HR06,Sjeverna Hrvatska,Sjeverna Hrvatska,,,
HR,HR061,Međimurska županija,Međimurska županija,,,
HR,HR062,Varaždinska županija,Varaždinska županija,,,
HR,HR063,Koprivničko-križevačka županija,Koprivničko-križevačka županija,,,
HR,HR064,Krapinsko-zagorska županija,Krapinsko-zagorska županija,,,
HR,HR065,Zagrebačka županija,Zagrebačka županija,,,
HU,HU,Magyarország,Magyarország,,,
HU,HU1,Közép-Magyarország,Közép-Magyarország,,,
HU,HU11,Budapest,Budapest,,,
HU,HU110,Budapest,Budapest,,,
HU,HU12,Pest,Pest,,,
HU,HU120,Pest,Pest,,,
HU,HU2,Dunántúl,Dunántúl,,,
HU,HU21,Közép-Dunántúl,Közép-Dunántúl,,,
HU,HU211,Fejér,Fejér,,,
HU,HU212,Komárom-Esztergom,Komárom-Esztergom,,,
HU,HU213,Veszprém,Veszprém,,,
HU,HU22,Nyugat-Dunántúl,Nyugat-Dunántúl,,,
HU,HU221,Győr-Moson-Sopron,Győr-Moson-Sopron,,,
HU,HU222,Vas,Vas,,,
HU,HU223,Zala,Zala,,,
HU,HU23,Dél-Dunántúl,Dél-Dunántúl,,,
HU,HU231,Baranya,Baranya,,,
HU,HU232,Somogy,Somogy,,,
HU,HU233,Tolna,Tolna,,,
HU,HU3,Alföld és Észak,Alföld és Észak,,,
HU,HU31,Észak-Magyarország,Észak-Magyarország,,,
HU,HU311,Borsod-Abaúj-Zemplén,Borsod-Abaúj-Zemplén,,,
HU,HU312,Heves,Heves,,,
HU,HU313,Nógrád,Nógrád,,,
HU,HU32,Észak-Alföld,Észak-Alföld,,,
HU,HU321,Hajdú-Bihar,Hajdú-Bihar,,,
HU,HU322,Jász-Nagykun-Szolnok,Jász-Nagykun-Szolnok,,,
HU,HU323,Szabolcs-Szatmár-Bereg,Szabolcs-Szatmár-Bereg,,,
HU,HU33,Dél-Alföld,Dél-Alföld,,,
HU,HU331,Bács-Kiskun,Bács-Kiskun,,,
HU,HU332,Békés,Békés,,,
HU,HU333,Csongrád-Csanád,Csongrád-Csanád,,,
IE,IE,Éire/Ireland,Éire/Ireland,,,
IE,IE0,Ireland,Ireland,,,
IE,IE04,Northern and Western,Northern and Western,,,
IE,IE041,Border,Border,,,
IE,IE042,West,West,,,
IE,IE05,Southern,Southern,,,
IE,IE051,Mid-West ,Mid-West ,,,
IE,IE052,South-East ,South-East ,,,
IE,IE053,South-West ,South-West ,,,
IE,IE06,Eastern and Midland,Eastern and Midland,,,
IE,IE061,Dublin,Dublin,,,
IE,IE062,Mid-East,Mid-East,,,
IE,IE063,Midland,Midland,,,
IT,IT,Italia,Italia,,,
IT,ITC,Nord-Ovest,Nord-Ovest,,,
IT,ITC1,Piemonte,Piemonte,,,
IT,ITC11,Torino,Torino,,,
IT,ITC12,Vercelli,Vercelli,,,
IT,ITC13,Biella,Biella,,,
IT,ITC14,Verbano-Cusio-Ossola,Verbano-Cusio-Ossola,,,
IT,ITC15,Novara,Novara,,,
IT,ITC16,Cuneo,Cuneo,,,
IT,ITC17,Asti,Asti,,,
IT,ITC18,Alessandria,Alessandria,,,
IT,ITC2,Valle d’Aosta/Vallée d’Aoste,Valle d’Aosta/Vallée d’Aoste,,,
IT,ITC20,Valle d’Aosta/Vallée d’Aoste,Valle d’Aosta/Vallée d’Aoste,,,
IT,ITC3,Liguria,Liguria,,,
IT,ITC31,Imperia,Imperia,,,
IT,ITC32,Savona,Savona,,,
IT,ITC33,Genova,Genova,,,
IT,ITC34,La Spezia,La Spezia,,,
IT,ITC4,Lombardia,Lombardia,,,
IT,ITC41,Varese,Varese,,,
IT,ITC42,Como,Como,,,
IT,ITC43,Lecco,Lecco,,,
IT,ITC44,Sondrio,Sondrio,,,
IT,ITC46,Bergamo,Bergamo,,,
IT,ITC47,Brescia,Brescia,,,
IT,ITC48,Pavia,Pavia,,,
IT,ITC49,Lodi,Lodi,,,
IT,ITC4A,Cremona,Cremona,,,
IT,ITC4B,Mantova,Mantova,,,
IT,ITC4C,Milano,Milano,,,
IT,ITC4D,Monza e della Brianza,Monza e della Brianza,,,
IT,ITF,Sud,Sud,,,
IT,ITF1,Abruzzo,Abruzzo,,,
IT,ITF11,L’Aquila,L’Aquila,,,
IT,ITF12,Teramo,Teramo,,,
IT,ITF13,Pescara,Pescara,,,
IT,ITF14,Chieti,Chieti,,,
IT,ITF2,Molise,Molise,,,
IT,ITF21,Isernia,Isernia,,,
IT,ITF22,Campobasso,Campobasso,,,
IT,ITF3,Campania,Campania,,,
IT,ITF31,Caserta,Caserta,,,
IT,ITF32,Benevento,Benevento,,,
IT,ITF33,Napoli,Napoli,,,
IT,ITF34,Avellino,Avellino,,,
IT,ITF35,Salerno,Salerno,,,
IT,ITF4,Puglia,Puglia,,,
IT,ITF43,Taranto,Taranto,,,
IT,ITF44,Brindisi,Brindisi,,,
IT,ITF45,Lecce,Lecce,,,
IT,ITF46,Foggia,Foggia,,,
IT,ITF47,Bari,Bari,,,
IT,ITF48,Barletta-Andria-Trani,Barletta-Andria-Trani,,,
IT,ITF5,Basilicata,Basilicata,,,
IT,ITF51,Potenza,Potenza,,,
IT,ITF52,Matera,Matera,,,
IT,ITF6,Calabria,Calabria,,,
IT,ITF61,Cosenza,Cosenza,,,
IT,ITF62,Crotone,Crotone,,,
IT,ITF63,Catanzaro,Catanzaro,,,
IT,ITF64,Vibo Valentia,Vibo Valentia,,,
IT,ITF65,Reggio Calabria,Reggio Calabria,,,
IT,ITG,Isole,Isole,,,
IT,ITG1,Sicilia,Sicilia,,,
IT,ITG11,Trapani,Trapani,,,
IT,ITG12,Palermo,Palermo,,,
IT,ITG13,Messina,Messina,,,
IT,ITG14,Agrigento,Agrigento,,,
IT,ITG15,Caltanissetta,Caltanissetta,,,
IT,ITG16,Enna,Enna,,,
IT,ITG17,Catania,Catania,,,
IT,ITG18,Ragusa,Ragusa,,,
IT,ITG19,Siracusa,Siracusa,,,
IT,ITG2,Sardegna,Sardegna,,,
IT,ITG2D,Sassari,Sassari,,,
IT,ITG2E,Nuoro,Nuoro,,,
IT,ITG2F,Cagliari,Cagliari,,,
IT,ITG2G,Oristano,Oristano,,,
IT,ITG2H,Sud Sardegna,Sud Sardegna,,,
IT,ITH,Nord-Est,Nord-Est,,,
IT,ITH1,Provincia Autonoma di Bolzano/Bozen,Provincia Autonoma di Bolzano/Bozen,,,
IT,ITH10,Bolzano-Bozen,Bolzano-Bozen,,,
IT,ITH2,Provincia Autonoma di Trento,Provincia Autonoma di Trento,,,
IT,ITH20,Trento,Trento,,,
IT,ITH3,Veneto,Veneto,,,
IT,ITH31,Verona,Verona,,,
IT,ITH32,Vicenza,Vicenza,,,
IT,ITH33,Belluno,Belluno,,,
IT,ITH34,Treviso,Treviso,,,
IT,ITH35,Venezia,Venezia,,,
IT,ITH36,Padova,Padova,,,
IT,ITH37,Rovigo,Rovigo,,,
IT,ITH4,Friuli-Venezia Giulia,Friuli-Venezia Giulia,,,
IT,ITH41,Pordenone,Pordenone,,,
IT,ITH42,Udine,Udine,,,
IT,ITH43,Gorizia,Gorizia,,,
IT,ITH44,Trieste,Trieste,,,
IT,ITH5,Emilia-Romagna,Emilia-Romagna,,,
IT,ITH51,Piacenza,Piacenza,,,
IT,ITH52,Parma,Parma,,,
IT,ITH53,Reggio nell’Emilia,Reggio nell’Emilia,,,
IT,ITH54,Modena,Modena,,,
IT,ITH55,Bologna,Bologna,,,
IT,ITH56,Ferrara,Ferrara,,,
IT,ITH57,Ravenna,Ravenna,,,
IT,ITH58,Forlì-Cesena,Forlì-Cesena,,,
IT,ITH59,Rimini,Rimini,,,
IT,ITI,Centro (IT),Centro (IT),,,
IT,ITI1,Toscana,Toscana,,,
IT,ITI11,Massa-Carrara,Massa-Carrara,,,
IT,ITI12,Lucca,Lucca,,,
IT,ITI13,Pistoia,Pistoia,,,
IT,ITI14,Firenze,Firenze,,,
IT,ITI15,Prato,Prato,,,
IT,ITI16,Livorno,Livorno,,,
IT,ITI17,Pisa,Pisa,,,
IT,ITI18,Arezzo,Arezzo,,,
IT,ITI19,Siena,Siena,,,
IT,ITI1A,Grosseto,Grosseto,,,
IT,ITI2,Umbria,Umbria,,,
IT,ITI21,Perugia,Perugia,,,
IT,ITI22,Terni,Terni,,,
IT,ITI3,Marche,Marche,,,
IT,ITI31,Pesaro e Urbino,Pesaro e Urbino,,,
IT,ITI32,Ancona,Ancona,,,
IT,ITI33,Macerata,Macerata,,,
IT,ITI34,Ascoli Piceno,Ascoli Piceno,,,
IT,ITI35,Fermo,Fermo,,,
IT,ITI4,Lazio,Lazio,,,
IT,ITI41,Viterbo,Viterbo,,,
IT,ITI42,Rieti,Rieti,,,
IT,ITI43,Roma,Roma,,,
IT,ITI44,Latina,Latina,,,
IT,ITI45,Frosinone,Frosinone,,,
